UserName,UserPassword,FirstName,LastName,Age,Email,Phone
bwaren0,LrIq81A,Bettine,Waren,37,bwaren0@privacy.gov.au,704-307-9801
lartus1,bh8zp09gA,Luci,Artus,50,lartus1@hubpages.com,523-397-9825
sdunseath2,kTCIEQvlBh,Sheri,Dunseath,62,sdunseath2@imgur.com,279-973-7946
ikirstein3,OXzMeh0yJbEK,Ichabod,Kirstein,23,ikirstein3@imdb.com,822-750-3633
wkinny4,n6DC3tN4culp,Wilbert,Kinny,56,wkinny4@drupal.org,310-616-6641
euman5,sTXy73qOQwd,Edsel,Uman,39,euman5@cnet.com,356-877-5131
fyukhnini6,6QGGy0,Francklyn,Yukhnini,11,fyukhnini6@newyorker.com,792-129-1552
lmckirton7,0FtOcv0wF1A,Leshia,McKirton,45,lmckirton7@utexas.edu,154-331-2571
liwanicki8,jgbyWNYF,Lillian,Iwanicki,44,liwanicki8@gnu.org,593-826-0278
mcremer9,WmNEX2IJAJJb,Melloney,Cremer,52,mcremer9@about.me,405-103-4788
kharropa,28FeuWn4sOP1,Kacey,Harrop,59,kharropa@boston.com,480-897-3908
alaurenzb,LybtBiZbPCjG,Aharon,Laurenz,62,alaurenzb@imgur.com,951-564-4681
mselvesterc,jBUudhNcF,Mohandis,Selvester,10,mselvesterc@sciencedaily.com,998-733-8222
nbruinemannd,3ijGlzzdI,Nathanil,Bruinemann,40,nbruinemannd@constantcontact.com,982-605-9402
dsallisse,g4TXGdy,Delphine,Salliss,22,dsallisse@columbia.edu,196-368-3801
glodevickf,5g8SDV1s,Gav,Lodevick,11,glodevickf@vkontakte.ru,392-870-8341
hwoofindeng,mtTIJIs2w7C,Heloise,Woofinden,9,hwoofindeng@amazon.co.jp,279-389-9962
vwandh,LdkKC7,Vevay,Wand,28,vwandh@oracle.com,983-291-0864
lsuddelli,UXisQP4qT,Lise,Suddell,1,lsuddelli@gizmodo.com,288-411-4294
hantyshevj,CZ5kB3YSew7,Hamish,Antyshev,49,hantyshevj@edublogs.org,176-513-1684
rschusterk,60DvR4SuPgIa,Rhona,Schuster,63,rschusterk@utexas.edu,337-789-3877
abennetonl,tu1fez1tIW7,Ardisj,Benneton,20,abennetonl@princeton.edu,812-347-4434
mpleumanm,OKPKgVHB1i6,Maddy,Pleuman,43,mpleumanm@google.com.hk,925-550-3133
ahappertn,mbCbKP8K4R,Annamarie,Happert,38,ahappertn@paginegialle.it,966-774-6286
eshadracho,T0qqGC,Ely,Shadrach,23,eshadracho@house.gov,888-811-6060
mschooleyp,u1TCHluP2,Murdoch,Schooley,10,mschooleyp@furl.net,761-765-4879
thuorticq,eFQhueYnr,Trude,Huortic,21,thuorticq@sfgate.com,767-572-8192
mwasbeyr,M8cJztjY,Mart,Wasbey,54,mwasbeyr@pcworld.com,455-293-2377
anewlins,Ouj1gK5yHUm,Archambault,Newlin,16,anewlins@webs.com,650-293-9355
kgovinlockt,CPkfrBmGxD,Katharina,Govinlock,50,kgovinlockt@theglobeandmail.com,188-667-6558
lkirtlandu,03NtgvuRH0,Libbie,Kirtland,53,lkirtlandu@g.co,150-690-9968
gcianelliv,uCEnjJXr8U5h,Gusella,Cianelli,4,gcianelliv@mapy.cz,818-728-2331
pgertyw,CkfIpcMSJhu3,Payton,Gerty,36,pgertyw@example.com,168-330-3726
edentonx,HERYXB9,Elizabet,Denton,50,edentonx@vk.com,555-442-7026
strimy,WZpRrSIEM,Sonni,Trim,8,strimy@globo.com,790-210-0101
lheakez,jWviq3,Lianne,Heake,66,lheakez@cnet.com,163-204-8107
nbamford10,o9GVpOC5xAm,Nita,Bamford,46,nbamford10@bigcartel.com,717-146-5200
pvannet11,xv0YJ2SvciIc,Perren,Vannet,59,pvannet11@accuweather.com,758-975-9078
myurkin12,pokfx4zF,Merl,Yurkin,56,myurkin12@goo.ne.jp,125-601-6670
cmourge13,GsWlhxf,Cornela,Mourge,53,cmourge13@jugem.jp,601-936-9654
sunworth14,RMt0pC23Iog,Shirl,Unworth,40,sunworth14@npr.org,913-246-3027
ggummer15,KT8Vjewy,Glynis,Gummer,28,ggummer15@ihg.com,576-139-6459
djesper16,r0kA0c,Deanne,Jesper,52,djesper16@livejournal.com,412-129-6127
tbrabham17,z1kfB0b30OA,Thorin,Brabham,63,tbrabham17@yandex.ru,414-259-0005
smaccague18,rwMuqpfU,Sheelagh,MacCague,42,smaccague18@so-net.ne.jp,764-153-4695
oattrie19,J1A4Ecx5,Osmund,Attrie,56,oattrie19@cbslocal.com,213-480-4109
emorville1a,pUTlPzZ2,Emmery,Morville,7,emorville1a@dailymotion.com,108-922-5799
sdurak1b,1AQIXSPFozRB,Samaria,Durak,34,sdurak1b@friendfeed.com,731-791-7202
tgarrals1c,PBW0BpdoGAJe,Tanya,Garrals,9,tgarrals1c@answers.com,344-501-9462
vsharnock1d,D1NLiKGBB7LD,Valida,Sharnock,60,vsharnock1d@cocolog-nifty.com,417-299-3849
mrabbitt1e,5K7FjYptxC,Maisey,Rabbitt,45,mrabbitt1e@themeforest.net,199-930-8910
fshepeard1f,K6LguX,Frankie,Shepeard,37,fshepeard1f@epa.gov,347-352-4129
dseedman1g,cCfKh9,Dukie,Seedman,65,dseedman1g@webmd.com,805-362-4307
hdominici1h,d1Fh4M,Hobey,Dominici,44,hdominici1h@qq.com,549-199-0665
kimrie1i,jqYaXxR6d5,Keenan,Imrie,25,kimrie1i@booking.com,511-979-9468
nwaadenburg1j,njKzHTouNr19,Nikki,Waadenburg,30,nwaadenburg1j@usatoday.com,630-540-9446
gminillo1k,xq1ICIRWM,Gayelord,Minillo,38,gminillo1k@wp.com,732-566-6842
cogilby1l,E7qn8g,Cyndy,Ogilby,21,cogilby1l@amazon.de,823-741-5650
lblucher1m,gk8KDuU8D2,Livy,Blucher,35,lblucher1m@macromedia.com,565-631-5505
dbloodworthe1n,BHlifBBjmxJ,Des,Bloodworthe,26,dbloodworthe1n@addthis.com,801-252-0798
equelch1o,EzKVRx8PVcOg,Estell,Quelch,20,equelch1o@multiply.com,858-270-5435
mtwaite1p,aDE8iA,Miner,Twaite,70,mtwaite1p@npr.org,686-408-4031
fcharlotte1q,9JFJk55SQF,Forster,Charlotte,63,fcharlotte1q@ftc.gov,126-835-4708
vbletsoe1r,Q6B4TLyg,Vladimir,Bletsoe,12,vbletsoe1r@ihg.com,503-718-6751
lsenecaux1s,MkPsFC,Lolly,Senecaux,9,lsenecaux1s@redcross.org,612-101-2932
bmatura1t,rJQqdh064,Bamby,Matura,18,bmatura1t@4shared.com,261-808-1969
rmcneil1u,b5w3Ft,Roley,McNeil,29,rmcneil1u@reverbnation.com,851-905-3810
jfarahar1v,t6QFEMHVE,Julius,Farahar,43,jfarahar1v@imgur.com,177-754-6585
hbansal1w,v8oDDZYMSsR,Humberto,Bansal,7,hbansal1w@multiply.com,771-682-1146
smollitt1x,sNDeextsmCq,Sonni,Mollitt,64,smollitt1x@netlog.com,792-567-4893
nspillane1y,qj4FjJtm9Y1,Neel,Spillane,65,nspillane1y@over-blog.com,209-780-2502
sbode1z,fNkqlZwtjc,Seward,Bode,48,sbode1z@noaa.gov,512-870-5434
adeclerq20,TILi7esH5QB,Aleen,de Clerq,52,adeclerq20@toplist.cz,774-111-4271
tlarose21,48ST5rNm,Teador,Larose,14,tlarose21@dropbox.com,321-653-2621
kkennady22,wPIPhb7,Kahaleel,Kennady,26,kkennady22@icio.us,126-722-2076
bscandwright23,Mr0EEeyDcrIL,Beulah,Scandwright,19,bscandwright23@wikispaces.com,448-652-2813
glethem24,I9BPb1dw,Gregoire,Lethem,25,glethem24@google.nl,131-800-2924
lthurlbourne25,eTFHL55DX,Lorilyn,Thurlbourne,3,lthurlbourne25@friendfeed.com,425-584-5297
gbusse26,40EywPZT,Glenine,Busse,69,gbusse26@statcounter.com,513-666-9820
tpepler27,bRC0qua1bU,Thorn,Pepler,14,tpepler27@ycombinator.com,811-360-1759
bmccobb28,i9fHKIz2FFmN,Benson,McCobb,21,bmccobb28@myspace.com,707-834-7396
lfilshin29,Dgw8ZrY5o7,Loni,Filshin,65,lfilshin29@whitehouse.gov,400-640-1576
fvinecombe2a,cFINzuRGNj,Franny,Vinecombe,11,fvinecombe2a@geocities.com,450-878-6776
dperris2b,mKvUl8n,Daron,Perris,34,dperris2b@51.la,234-947-8062
braybould2c,59aoNGa,Blondelle,Raybould,24,braybould2c@xing.com,905-626-0904
djoint2d,PE7nvDIiVADM,Daile,Joint,64,djoint2d@answers.com,660-191-1663
crawlings2e,twMnDotH6E,Chanda,Rawlings,4,crawlings2e@jugem.jp,685-597-4321
imackilpatrick2f,9bOdIXBvIY,Irena,Mackilpatrick,54,imackilpatrick2f@usatoday.com,833-340-2798
asalisbury2g,Tr78Nh,Alaster,Salisbury,36,asalisbury2g@github.io,536-294-2916
bshevlan2h,mEkekDfZbe0,Brion,Shevlan,30,bshevlan2h@marriott.com,641-487-5707
pclunie2i,7zxDD2n1VC,Paulette,Clunie,43,pclunie2i@google.co.jp,497-569-7214
cbelch2j,xT8FhfdZ6,Charla,Belch,18,cbelch2j@rambler.ru,586-295-7688
amoloney2k,LgwKp76jy7,Adel,Moloney,51,amoloney2k@walmart.com,869-315-4163
ecankett2l,K9Fx9Pf,Ethan,Cankett,15,ecankett2l@odnoklassniki.ru,532-400-8022
acaddy2m,X54F8tjE,Ardenia,Caddy,19,acaddy2m@infoseek.co.jp,897-483-2804
wworrell2n,gJ8RwXI9,Wright,Worrell,43,wworrell2n@prweb.com,109-673-6716
lsimonyi2o,i1fTiFVtOS,Lolly,Simonyi,11,lsimonyi2o@prweb.com,958-674-0651
oodhams2p,OLe9xpKJFp,Orlan,Odhams,38,oodhams2p@hhs.gov,531-780-2612
dgurdon2q,qDeStP42R,Darren,Gurdon,30,dgurdon2q@fema.gov,337-313-2445
efealty2r,H8O0AhFT,Emlyn,Fealty,5,efealty2r@desdev.cn,361-638-7166
gbackshell2s,ZUL0rmy2J6Vt,Gerry,Backshell,36,gbackshell2s@statcounter.com,784-484-4872
hpafford2t,5nb3DZRTlWrH,Harri,Pafford,57,hpafford2t@issuu.com,285-964-0575
hkeast2u,UObA5COm4f6w,Hedvig,Keast,5,hkeast2u@businessinsider.com,302-303-0177
erantoull2v,N9DYgzccwJK,Emile,Rantoull,42,erantoull2v@techcrunch.com,328-406-0425
mcarmo2w,9OAaI9NwX,Marie-ann,Carmo,57,mcarmo2w@buzzfeed.com,892-239-3980
kholdey2x,apruxqG,Kassia,Holdey,45,kholdey2x@msu.edu,237-945-0356
gbradnock2y,dtRkg07,Gregoire,Bradnock,51,gbradnock2y@webs.com,914-586-7288
ninder2z,vQwuEO2o2B9n,Nicolette,Inder,5,ninder2z@toplist.cz,893-365-8191
gjudkin30,2PsNOBc,Gale,Judkin,47,gjudkin30@blinklist.com,988-943-3007
mpriest31,oUjsr28aBT,Missie,Priest,53,mpriest31@aboutads.info,320-334-4515
lepgrave32,OMfXqwG,Lulu,Epgrave,16,lepgrave32@google.co.jp,267-809-6201
adulton33,DmjEo0MoXH,Adria,Dulton,8,adulton33@delicious.com,453-170-9166
mforrest34,jztSM0q9,Marijo,Forrest,35,mforrest34@yolasite.com,826-502-2484
kmcfarlan35,Olg3jtGJCF,Kore,McFarlan,29,kmcfarlan35@webs.com,679-852-5682
hvasyutochkin36,ke13KRc8,Humphrey,Vasyutochkin,70,hvasyutochkin36@cloudflare.com,368-782-0909
vdivis37,xytKx7gKA,Vonny,Divis,49,vdivis37@joomla.org,943-106-0935
jattle38,ol6xrm9FZz8,Joycelin,Attle,63,jattle38@mac.com,175-767-3064
treyner39,3YbPUB,Tiertza,Reyner,2,treyner39@opera.com,958-744-9187
mvanichkin3a,VviF4Ld,Maribel,Vanichkin,59,mvanichkin3a@google.co.uk,437-668-7998
rcrosfield3b,rZpNTsvB1,Reidar,Crosfield,31,rcrosfield3b@trellian.com,163-954-1012
mblanking3c,txRva2to8BsU,Merrili,Blanking,26,mblanking3c@homestead.com,861-363-1722
mfussen3d,uRkbCsr0spV,Miner,Fussen,54,mfussen3d@dmoz.org,408-917-3186
ynayshe3e,LnuU569CszoV,Ynes,Nayshe,57,ynayshe3e@whitehouse.gov,501-713-7962
mcoldicott3f,eySQuJ628aD,Muriel,Coldicott,14,mcoldicott3f@pen.io,198-380-0421
ywalsh3g,crc3etjxqu,Yancy,Walsh,3,ywalsh3g@simplemachines.org,475-982-2177
vkinney3h,BenvYABXm2E,Vannie,Kinney,60,vkinney3h@geocities.jp,897-448-4308
bmcpolin3i,qPAaB0PP3,Boone,McPolin,17,bmcpolin3i@diigo.com,438-536-3412
adeer3j,rV7X6BSyLR,Adiana,Deer,23,adeer3j@dot.gov,743-576-6046
wfernando3k,lyDjV1O,Winfield,Fernando,57,wfernando3k@archive.org,733-893-4517
abisatt3l,hWByZbLJwS56,Angel,Bisatt,43,abisatt3l@rambler.ru,225-182-2338
akuhwald3m,J7wjObMV,Ann,Kuhwald,35,akuhwald3m@google.fr,712-283-8701
amacdirmid3n,KbjdskTXby,Antoine,MacDirmid,43,amacdirmid3n@home.pl,318-563-5249
ldowell3o,h0UkFEpOEsH,Lutero,Dowell,8,ldowell3o@foxnews.com,125-414-3774
glidstone3p,32soWwpqP,Gabie,Lidstone,55,glidstone3p@cmu.edu,480-714-9387
hbarlas3q,eSrVRhTQDsE,Hilde,Barlas,47,hbarlas3q@zdnet.com,804-339-4083
cabrahams3r,wXUk1aWcCMEE,Chilton,Abrahams,21,cabrahams3r@si.edu,248-240-2904
gcolebeck3s,E5lgkuMv,Garvey,Colebeck,23,gcolebeck3s@fc2.com,434-981-5688
lroussel3t,5bDcuO,Lyndy,Roussel,63,lroussel3t@simplemachines.org,404-783-6860
jgronaller3u,gMuA58,Jenelle,Gronaller,53,jgronaller3u@youtube.com,190-140-8701
kcanham3v,fZuAME,Kurtis,Canham,13,kcanham3v@eepurl.com,282-303-3992
rwennington3w,qfxL76bme,Rodney,Wennington,45,rwennington3w@dedecms.com,164-986-4370
ccroal3x,5bEAwa,Cristina,Croal,60,ccroal3x@indiegogo.com,674-975-5173
hvaughten3y,HccInUSj,Hyatt,Vaughten,14,hvaughten3y@infoseek.co.jp,803-698-4510
bturrill3z,kZ8fHInYLpIH,Bettine,Turrill,11,bturrill3z@scientificamerican.com,569-183-2385
canderson40,uBomgdOWV,Cary,Anderson,66,canderson40@paypal.com,355-288-5526
mcoviello41,QbdoG6qGF7,Marinna,Coviello,32,mcoviello41@boston.com,780-442-3983
lmitchall42,CTxPjxD,Lonnie,Mitchall,6,lmitchall42@berkeley.edu,711-347-3187
xipgrave43,b76ceF,Xylina,Ipgrave,46,xipgrave43@ox.ac.uk,229-728-8449
emclagan44,i5qwoZJxL,Ethel,McLagan,26,emclagan44@ycombinator.com,512-644-9584
roulett45,31P7RJ4xg,Renard,Oulett,35,roulett45@howstuffworks.com,383-608-6470
pbolwell46,HkpiZip56,Pauly,Bolwell,35,pbolwell46@xing.com,692-961-8944
lferschke47,D8SVXL8PLaL,Lorain,Ferschke,68,lferschke47@networksolutions.com,759-908-3382
wpipkin48,Q6A4ZNBG45,Windy,Pipkin,70,wpipkin48@wordpress.org,162-256-0487
rkesby49,X4gJEXzDz,Rozele,Kesby,13,rkesby49@soundcloud.com,642-196-5782
lech4a,Jk7uRx4jGKyJ,Lucho,Ech,26,lech4a@admin.ch,416-642-6403
nainge4b,y3l8TARiMo,Nicolai,Ainge,55,nainge4b@ucoz.com,374-780-4765
bsummersby4c,wbaUgOM,Bradley,Summersby,18,bsummersby4c@quantcast.com,604-313-1677
ndetloff4d,vJxZXM,Nappy,Detloff,33,ndetloff4d@xinhuanet.com,545-647-5510
dlucio4e,v39i6YJG9R,Dreddy,Lucio,19,dlucio4e@prnewswire.com,333-984-2595
sandersch4f,eKU2PC5SSh6O,Shea,Andersch,33,sandersch4f@zimbio.com,960-988-3507
stwiddle4g,hyFBqs8,Sheela,Twiddle,41,stwiddle4g@imdb.com,752-353-2774
kvamplus4h,mxQUVCOFXQgI,Kerstin,Vamplus,8,kvamplus4h@moonfruit.com,601-984-1617
hrenehan4i,vxfgq5Vw,Hetti,Renehan,37,hrenehan4i@oracle.com,277-453-1614
kcasado4j,ZXEtgnFIE,Karissa,Casado,14,kcasado4j@wired.com,298-787-2110
cgander4k,0pFkoFiAOWrF,Cecelia,Gander,44,cgander4k@microsoft.com,957-377-2489
dmunning4l,u9yFqF,Derby,Munning,55,dmunning4l@topsy.com,905-660-4663
edahlman4m,9SsbSw,Elysia,Dahlman,8,edahlman4m@weebly.com,878-914-0865
rbrissard4n,VyDeDQJD3nrn,Randi,Brissard,26,rbrissard4n@ed.gov,407-592-3497
ocrucetti4o,Lt8cIjluqDZz,Ody,Crucetti,7,ocrucetti4o@bigcartel.com,325-501-6582
kthalmann4p,CJn4rfWVV,Koralle,Thalmann,45,kthalmann4p@stumbleupon.com,853-331-9853
jgleder4q,gyImlRSqW3,Joelie,Gleder,7,jgleder4q@wsj.com,494-219-7693
nhofton4r,G34x89H,Nissa,Hofton,1,nhofton4r@yandex.ru,606-140-7663
llinley4s,mAeYshC,Lazarus,Linley,51,llinley4s@w3.org,151-662-5191
dgurnett4t,KqjZBoUpEL1n,Darcy,Gurnett,26,dgurnett4t@blogs.com,564-712-8906
taxtonne4u,ryJDR7NtCg,Tito,Axtonne,43,taxtonne4u@intel.com,731-453-2034
vprestney4v,iDC6DD6Hz0,Valaree,Prestney,37,vprestney4v@ning.com,158-523-3530
elynes4w,dDLiwWqltU,Eamon,Lynes,10,elynes4w@marketwatch.com,271-169-2005
abaddoe4x,QCSf44nE9l7,Alessandra,Baddoe,55,abaddoe4x@dailymotion.com,996-386-4980
jcottem4y,MyebAic,Jessamyn,Cottem,55,jcottem4y@engadget.com,252-174-1305
cceeley4z,GSLmxMS,Claus,Ceeley,35,cceeley4z@taobao.com,511-567-1801
estallard50,DZ3uFAPVrRIJ,Emmalee,Stallard,51,estallard50@yahoo.co.jp,339-589-1442
kschottli51,pplWErgSVy4,Kevan,Schottli,13,kschottli51@canalblog.com,206-378-2232
hethridge52,lZqAWfp,Herve,Ethridge,47,hethridge52@patch.com,756-837-8478
csmalman53,fkDNVrH0UXZe,Cordy,Smalman,58,csmalman53@icq.com,810-788-2689
carents54,c5eRFljB,Cheri,Arents,20,carents54@mozilla.com,555-658-9688
kberesfore55,BE2zeoAVat,Kassandra,Beresfore,11,kberesfore55@nationalgeographic.com,672-390-5254
ebampford56,mnnMLBJ,Efren,Bampford,23,ebampford56@prlog.org,780-961-1229
mseeley57,CKwH6vQGNZ,Mable,Seeley,29,mseeley57@icq.com,886-914-5159
eheinel58,bdRQJIJLBmrX,Estella,Heinel,33,eheinel58@boston.com,633-169-7722
lbrambley59,Xa0wGr,Loella,Brambley,62,lbrambley59@answers.com,210-222-3966
wbellee5a,apYkCu1kmDF,Winnie,Bellee,64,wbellee5a@marketwatch.com,477-818-6320
hbeauchop5b,bqDlsTG,Haze,Beauchop,61,hbeauchop5b@princeton.edu,589-981-4511
tmeneo5c,QHpZLlTf,Tatiania,Meneo,40,tmeneo5c@infoseek.co.jp,726-144-6658
pkrolik5d,Ez65XcPBrq8S,Page,Krolik,48,pkrolik5d@canalblog.com,545-279-9028
mkalvin5e,eFucapH,Markos,Kalvin,33,mkalvin5e@netscape.com,211-437-7631
aizaks5f,U0fxy4,Agustin,Izaks,14,aizaks5f@statcounter.com,198-325-0789
iminchinton5g,9L25duz,Ibrahim,Minchinton,11,iminchinton5g@bbc.co.uk,664-169-0225
sogrogane5h,ElW0iaC7NV,Susanetta,O'Grogane,12,sogrogane5h@amazon.de,462-389-0916
mhitschke5i,y8PxMI,Maynord,Hitschke,37,mhitschke5i@yolasite.com,576-586-0553
tmeighan5j,J9CR0T,Thia,Meighan,52,tmeighan5j@weebly.com,811-801-9546
pchace5k,f4vw5uFca,Peggi,Chace,65,pchace5k@yelp.com,244-943-3545
bmatteoli5l,anx5TNj,Benita,Matteoli,34,bmatteoli5l@aol.com,428-802-2271
shaslum5m,9CFLye,Sayers,Haslum,49,shaslum5m@nbcnews.com,141-724-7846
sulyet5n,z5nF0n4,Selig,Ulyet,40,sulyet5n@cnbc.com,720-562-6968
dwakefield5o,DIryGWpwtQ,Damiano,Wakefield,65,dwakefield5o@prweb.com,764-988-9596
eshieber5p,lvndukF6qeza,Enrico,Shieber,16,eshieber5p@quantcast.com,338-793-7267
lmelpuss5q,TuOkVSOV,Lela,Melpuss,43,lmelpuss5q@lulu.com,212-846-0433
jwearn5r,YTW4hF,Janis,Wearn,25,jwearn5r@mozilla.org,698-639-0621
reverex5s,4FUDrNP,Rudie,Everex,24,reverex5s@narod.ru,551-755-3638
ekibel5t,kfW6hzJdZkWw,Esta,Kibel,4,ekibel5t@blogger.com,989-331-4932
educker5u,eKkzlJO,Ebenezer,Ducker,21,educker5u@bloglines.com,317-555-4007
ebroggini5v,43UGJ6nBhYY,Eustacia,Broggini,65,ebroggini5v@google.ca,665-187-0485
hscriven5w,GzMjibvB,Henri,Scriven,65,hscriven5w@timesonline.co.uk,565-217-6883
rpyvis5x,xLKHDbHD,Robinet,Pyvis,18,rpyvis5x@yelp.com,418-453-3659
kkenshole5y,zQa5l6og,Karissa,Kenshole,53,kkenshole5y@tmall.com,464-134-1583
craulston5z,c7v0ZBZomtmc,Carie,Raulston,60,craulston5z@sohu.com,220-496-0503
seden60,uPgLQKlKw,Shepperd,Eden,17,seden60@ft.com,529-487-1609
bdruel61,sr0o3hRI,Berty,D'Ruel,64,bdruel61@bizjournals.com,233-283-6257
pfayter62,Ymalf5vKi,Prescott,Fayter,53,pfayter62@live.com,615-919-5329
kwadwell63,pEOUE1rt2,Karen,Wadwell,49,kwadwell63@youtu.be,418-982-2670
pwoolis64,nvvpKwGl,Peg,Woolis,26,pwoolis64@whitehouse.gov,964-672-2156
twenderoth65,pS4X6gTG,Tiffani,Wenderoth,39,twenderoth65@gnu.org,237-961-4700
ljandak66,xna7hLd,Luke,Jandak,59,ljandak66@cbslocal.com,695-337-6204
odaoust67,7ZlkIyx6,Olvan,Daoust,46,odaoust67@nba.com,880-900-5820
bjarritt68,xgzlJ6,Bobbie,Jarritt,68,bjarritt68@t.co,894-895-3216
wrobken69,jFOI0q3myiVj,Wilhelm,Robken,51,wrobken69@vinaora.com,999-344-9889
heglinton6a,LfNCdd,Henryetta,Eglinton,57,heglinton6a@utexas.edu,763-418-9412
dchatband6b,vPDydKC1jG,Dody,Chatband,12,dchatband6b@chronoengine.com,811-510-8398
askeech6c,WHH03o2ol1aL,Abelard,Skeech,36,askeech6c@chronoengine.com,647-176-3381
ahadland6d,GQ1TRPlPec5A,Alexandros,Hadland,8,ahadland6d@admin.ch,651-336-4202
tlamberto6e,gXfJiqZc5D,Torrie,Lamberto,60,tlamberto6e@meetup.com,154-582-1995
ddigweed6f,l7eG1BdH,Danielle,Digweed,5,ddigweed6f@edublogs.org,611-772-4689
smcavin6g,B5mob3iB,Sumner,McAvin,26,smcavin6g@google.co.uk,395-470-7758
ddarridon6h,7xvB8d,Delphinia,Darridon,29,ddarridon6h@princeton.edu,711-792-4210
tdingley6i,sdXwgBxH,Tabbatha,Dingley,38,tdingley6i@wunderground.com,915-633-1106
fbanisch6j,gBXJAoWL,Feliza,Banisch,10,fbanisch6j@thetimes.co.uk,694-969-4507
wbedle6k,xrLa1yFaib,Weston,Bedle,12,wbedle6k@dropbox.com,339-506-2897
jianiello6l,ZCB67JK,Johnna,Ianiello,29,jianiello6l@prweb.com,902-310-1497
earington6m,0dFeaQG2Tp,Erskine,Arington,23,earington6m@hhs.gov,650-308-7373
lwainscot6n,UpWbDT,Lexis,Wainscot,49,lwainscot6n@cornell.edu,652-840-9288
smcmichael6o,kTZgIjnSU,Sarita,McMichael,51,smcmichael6o@gnu.org,390-129-1508
fsearle6p,EVJ8RICfN,Freddy,Searle,20,fsearle6p@altervista.org,460-601-5079
zgandar6q,vocRkSQ,Zaneta,Gandar,17,zgandar6q@adobe.com,606-677-1366
sflemyng6r,I7H5eB2vc,Sigrid,Flemyng,32,sflemyng6r@chronoengine.com,243-594-3497
eharrald6s,96jNf4XqCYq,Evangeline,Harrald,32,eharrald6s@webnode.com,338-197-3934
aarthars6t,7XbSeoNt,Agatha,Arthars,57,aarthars6t@oakley.com,352-991-5391
egumn6u,26oXhY,Esther,Gumn,33,egumn6u@buzzfeed.com,319-989-2310
fshirrell6v,iH3FZp5HM98t,Fabe,Shirrell,21,fshirrell6v@abc.net.au,377-361-6701
fgoundrill6w,enZm0p7DIgJB,Felix,Goundrill,68,fgoundrill6w@prweb.com,950-459-2275
pragsdale6x,YzatKRg3t2Qn,Pennie,Ragsdale,19,pragsdale6x@deliciousdays.com,715-466-6915
hyearron6y,Ybc5SNnA,Halette,Yearron,55,hyearron6y@ucsd.edu,428-907-9829
bstandering6z,HVNwhgAEa,Babbie,Standering,58,bstandering6z@indiatimes.com,409-673-0499
aelrick70,p5pR670tVRmg,Adrien,Elrick,48,aelrick70@domainmarket.com,225-536-8279
jorniz71,4tLckV9B,Jaquenetta,Orniz,63,jorniz71@163.com,607-873-6510
hbellhanger72,2l4kA1dM6COs,Hanan,Bellhanger,18,hbellhanger72@unicef.org,821-322-1483
sbloss73,rPU3ZfrzJXMn,Sandy,Bloss,16,sbloss73@delicious.com,834-625-5460
tlackham74,l41Hmw8Qq,Tore,Lackham,17,tlackham74@uol.com.br,830-766-3895
acoyle75,qKOQgbmI,Ashil,Coyle,61,acoyle75@ow.ly,879-222-3931
shanratty76,swX9WoJeY,Serene,Hanratty,39,shanratty76@posterous.com,213-667-5885
rassender77,bwVFKSbRQ3vJ,Rosamond,Assender,30,rassender77@rediff.com,876-511-3399
vlints78,mjyXJv2,Veronica,Lints,33,vlints78@reference.com,661-273-8571
scudbertson79,AOAMzcBcomw,Sutherlan,Cudbertson,45,scudbertson79@yale.edu,849-760-9845
jmercik7a,59QoZs,Jeanne,Mercik,11,jmercik7a@shop-pro.jp,556-830-5356
ocourson7b,dPqWc32,Oralee,Courson,55,ocourson7b@google.fr,196-866-5247
pjeaycock7c,OyV51flswW,Peyton,Jeaycock,27,pjeaycock7c@buzzfeed.com,252-202-5497
cbrahams7d,r3nIO0W3,Cherie,Brahams,57,cbrahams7d@dedecms.com,891-810-7511
syouthead7e,0Tjjtg8z6RfS,Stepha,Youthead,51,syouthead7e@unicef.org,751-120-1238
vsaich7f,b0ARsHNILBA,Venus,Saich,34,vsaich7f@toplist.cz,838-401-1773
fdelos7g,FT8pOw0Kpb,Francyne,Delos,58,fdelos7g@fc2.com,569-165-8059
bwoltering7h,9WUfQRlTEk,Beilul,Woltering,33,bwoltering7h@cnn.com,762-234-5695
ckoomar7i,f5G0vU70,Carmon,Koomar,18,ckoomar7i@live.com,887-687-5900
rkienzle7j,xZGHFlGFJnD4,Rosita,Kienzle,11,rkienzle7j@vimeo.com,584-761-5635
mshippey7k,9OdvzaH,Mireille,Shippey,4,mshippey7k@cbsnews.com,952-746-2491
lfidgett7l,voE4TgYZrH,Lorry,Fidgett,5,lfidgett7l@businessweek.com,282-321-6960
hstansell7m,CLtx5YUxe0NQ,Herculie,Stansell,52,hstansell7m@yelp.com,527-527-5139
hvogeler7n,PjK153O,Harri,Vogeler,41,hvogeler7n@aboutads.info,387-606-9992
bmethven7o,TzSeXl4,Bjorn,Methven,31,bmethven7o@mediafire.com,296-791-3168
fscragg7p,81aPUd,Fania,Scragg,11,fscragg7p@goo.ne.jp,295-589-1831
flatta7q,hUTbzd9,Fitz,Latta,67,flatta7q@sina.com.cn,299-979-4474
gtarply7r,vDnlpaA,Goldi,Tarply,64,gtarply7r@bloglovin.com,259-544-2975
alawlor7s,OezArwcmYh,Angelika,Lawlor,51,alawlor7s@cocolog-nifty.com,530-314-2761
iorvis7t,7yu4JCn6,Issi,Orvis,67,iorvis7t@seattletimes.com,693-305-2858
flowles7u,X3JA48,Fiorenze,Lowles,8,flowles7u@squarespace.com,577-605-4169
pluscott7v,jeuGmfV7oA,Pren,Luscott,39,pluscott7v@canalblog.com,846-184-6637
gbollard7w,Ht6Ks6,Gerti,Bollard,32,gbollard7w@google.de,853-735-3100
qmarusyak7x,78QcrWkYdP,Quintina,Marusyak,6,qmarusyak7x@yellowpages.com,543-976-0668
mbrydon7y,maIbQ7jun,Melisse,Brydon,22,mbrydon7y@youku.com,419-312-6268
molivetta7z,Q0CrptYN,Marlo,Olivetta,46,molivetta7z@go.com,764-418-0718
jpeacher80,iI4MUcrXSIHC,Joyan,Peacher,2,jpeacher80@businessweek.com,202-242-4303
qpickavant81,qkJiNTP,Quinton,Pickavant,13,qpickavant81@oaic.gov.au,792-567-3515
lduffan82,ogiA65CLaCPH,Leann,Duffan,58,lduffan82@microsoft.com,709-396-1849
tloverock83,JO06B8aZ,Trixy,Loverock,21,tloverock83@wunderground.com,412-115-4553
lhanford84,9NU2VZ7uoJR,Lewes,Hanford,34,lhanford84@hugedomains.com,411-287-5245
wtesauro85,wvTNmu7mw,Wye,Tesauro,3,wtesauro85@163.com,879-615-9698
mdurber86,iZbTY7,Mattie,Durber,49,mdurber86@usatoday.com,938-388-0596
cbines87,T1P9wmrnf3w,Chantal,Bines,62,cbines87@blogger.com,367-431-4158
yalbin88,ukcQPsob,Yettie,Albin,44,yalbin88@163.com,143-667-7651
dbidwell89,K0I4msxHVOA,Dalila,Bidwell,21,dbidwell89@foxnews.com,793-642-7868
fstoeckle8a,3t17ew9t0,Finley,Stoeckle,40,fstoeckle8a@nps.gov,808-943-3830
mbrandom8b,Zoof6huLlt,Milton,Brandom,13,mbrandom8b@sohu.com,828-252-3256
mbufton8c,uL98V5,Melisenda,Bufton,40,mbufton8c@fc2.com,704-817-9634
cduffett8d,un2er3qU,Cointon,Duffett,22,cduffett8d@liveinternet.ru,510-827-8902
jlovitt8e,TzrqxXiuZriR,Jonie,Lovitt,46,jlovitt8e@google.co.jp,219-210-8156
cdiggons8f,C5Dvlm1,Carolee,Diggons,45,cdiggons8f@moonfruit.com,902-822-4114
agrimble8g,jj27pyB,Alvira,Grimble,32,agrimble8g@ed.gov,240-781-4346
ybrownill8h,Q5KtuTj,York,Brownill,12,ybrownill8h@wordpress.com,606-657-5334
sgerbel8i,g5vEPHr7Z6k,Sayre,Gerbel,40,sgerbel8i@sogou.com,605-374-8114
smarkham8j,S1eHOq9,Sapphira,Markham,53,smarkham8j@adobe.com,697-797-7647
bphinnessy8k,ZhPCvKvoQJD,Bradley,Phinnessy,62,bphinnessy8k@ox.ac.uk,131-150-3481
mtapsfield8l,DbikoEbfF1hq,Moselle,Tapsfield,1,mtapsfield8l@wix.com,216-376-4898
hfarreil8m,aYwSq0arl32,Heath,Farreil,61,hfarreil8m@networkadvertising.org,186-877-1748
rniemiec8n,7mNE5xU0ekWO,Romona,Niemiec,5,rniemiec8n@eventbrite.com,326-992-6089
abeecroft8o,dhpgO7,Adina,Beecroft,35,abeecroft8o@twitter.com,482-797-4573
ekevane8p,fReadbx9Z,Evangelin,Kevane,29,ekevane8p@ustream.tv,391-341-3486
sbonifazio8q,HHhXDTvx,Salvatore,Bonifazio,49,sbonifazio8q@reuters.com,861-631-3442
rastall8r,3vdp5HPA,Rory,Astall,14,rastall8r@webmd.com,745-810-8130
mbabalola8s,ufZ564ZI2U,Mimi,Babalola,56,mbabalola8s@eventbrite.com,309-144-7967
gmcniven8t,xKfZBrt,Gabie,McNiven,46,gmcniven8t@hhs.gov,257-438-0731
aside8u,tABMeoGdqxjX,Angy,Side,34,aside8u@joomla.org,547-468-7134
cyushkov8v,x8KsOA7ENyO,Ced,Yushkov,68,cyushkov8v@icio.us,941-814-5905
chelleker8w,va2ofxFk6Fb,Caralie,Helleker,41,chelleker8w@barnesandnoble.com,846-924-9377
mjanauschek8x,LmQsHqhJ,Myrtle,Janauschek,67,mjanauschek8x@ehow.com,522-890-4983
cdecourtney8y,HDox7uPvPVa,Carie,De Courtney,37,cdecourtney8y@wordpress.com,603-549-8910
sdungate8z,5bQbGyx2JrXV,Susanetta,Dungate,14,sdungate8z@hibu.com,868-718-5558
ahalewood90,dVAZhHTlMn,Alejandrina,Halewood,23,ahalewood90@privacy.gov.au,125-392-0023
tmccleverty91,cfGMUM8rLM9,Tracey,McCleverty,56,tmccleverty91@free.fr,544-939-9518
elovemore92,n6mHyiGNjojL,Eartha,Lovemore,36,elovemore92@bigcartel.com,111-690-6740
bbohlje93,zBRbJoFR,Bearnard,Bohlje,70,bbohlje93@flickr.com,250-519-9023
bverheyden94,K18S4uunh,Becka,Verheyden,59,bverheyden94@etsy.com,303-294-9806
wwhelband95,osuhGQnjO,Wylie,Whelband,62,wwhelband95@apache.org,286-571-5112
mhammerson96,UxLDM1jDDRX,Mitch,Hammerson,54,mhammerson96@utexas.edu,734-308-4771
scheeld97,I8uYvbs7,Saundra,Cheeld,65,scheeld97@ca.gov,711-928-0402
uballentime98,6pT5x3J,Ulric,Ballentime,35,uballentime98@skype.com,776-704-0166
jogilby99,3GaWO0sybo4,Jocko,Ogilby,31,jogilby99@xinhuanet.com,119-321-2075
cmcilvenna9a,ZyyMgsdot,Cherlyn,McIlvenna,53,cmcilvenna9a@google.nl,657-187-9254
ddanev9b,DANjKKgUn,Dory,Danev,46,ddanev9b@stanford.edu,670-831-4167
dviant9c,Kwj5BNXLMvY2,Dwight,Viant,67,dviant9c@naver.com,183-923-6192
luttridge9d,pw30u1jw,Lemmy,Uttridge,61,luttridge9d@disqus.com,984-910-1186
myoules9e,SYGxnvv,Marieann,Youles,11,myoules9e@netscape.com,811-819-4590
etrevna9f,7vnWNckORmf,Erwin,Trevna,21,etrevna9f@live.com,703-995-4616
sfarndell9g,IS0h6WAKXa,Shantee,Farndell,54,sfarndell9g@intel.com,438-870-8117
sding9h,GiDD0b,Sibeal,Ding,23,sding9h@skype.com,295-854-1118
famoore9i,JjaAnK,Frieda,Amoore,29,famoore9i@naver.com,926-995-8303
schilds9j,OiM7tQ,Simmonds,Childs,40,schilds9j@ycombinator.com,190-406-6479
lmatticci9k,Rkojr1mmu5a,Lorinda,MattiCCI,39,lmatticci9k@soup.io,897-714-1590
rcoytes9l,4kh9cjIyX,Reine,Coytes,38,rcoytes9l@technorati.com,451-831-9391
nhansbury9m,LkOOI9Hm7lc,Nico,Hansbury,27,nhansbury9m@123-reg.co.uk,535-167-3467
lconeybeare9n,1doT5lVtv,Lenora,Coneybeare,37,lconeybeare9n@prweb.com,723-807-5766
fgillhespy9o,JVYo0GWMydj,Ferdinanda,Gillhespy,67,fgillhespy9o@wp.com,484-840-1945
ihollier9p,xffycfIs3e,Ivett,Hollier,41,ihollier9p@utexas.edu,758-658-0157
zscherer9q,12v3eOttKs,Zackariah,Scherer,70,zscherer9q@liveinternet.ru,284-673-8712
mhenken9r,KH0GoaXzI82Q,Marlyn,Henken,37,mhenken9r@berkeley.edu,674-324-5290
bklosa9s,EKxcXjI6BRo,Brianna,Klosa,69,bklosa9s@patch.com,516-759-3511
dlaweles9t,XULxkBOTrqIf,Dacey,Laweles,20,dlaweles9t@marketwatch.com,314-513-4756
pemsden9u,Xw7iJ6376A,Penni,Emsden,20,pemsden9u@discuz.net,229-989-2631
hlyfield9v,jdBD4c6A35Z,Hillery,Lyfield,1,hlyfield9v@uol.com.br,698-538-4104
ntanby9w,ose4t4A,Neall,Tanby,51,ntanby9w@psu.edu,462-190-4556
vcambell9x,wJRZMV3fWo2,Vernon,Cambell,58,vcambell9x@gmpg.org,440-806-3360
csquier9y,V1whPpKQTs,Cybil,Squier,53,csquier9y@livejournal.com,368-525-6265
fupsale9z,81YlCW,Ferguson,Upsale,3,fupsale9z@who.int,426-144-0735
bmcswana0,RSZRhQ,Berte,McSwan,14,bmcswana0@bing.com,253-700-3566
jflintuffa1,RNwGWIL29O,Janos,Flintuff,66,jflintuffa1@ebay.com,189-133-9989
peakleea2,FQhsyY,Padriac,Eaklee,13,peakleea2@ted.com,350-248-8486
maleksica3,WJAlreTpnlK8,Mufinella,Aleksic,54,maleksica3@paginegialle.it,996-423-1329
nfitta4,wyHNzJ,Nolan,Fitt,64,nfitta4@java.com,474-200-5938
lrasha5,8mjfcxnpzf,Lillis,Rash,9,lrasha5@baidu.com,530-142-3501
mgladdisha6,eLIf0dj9spW,Morten,Gladdish,9,mgladdisha6@mozilla.org,927-553-9659
dmcgiffiea7,PGbw4sZ2KU,Devlin,McGiffie,29,dmcgiffiea7@weather.com,713-166-3805
lbevisa8,0J2cdc6wvDmk,Lorelle,Bevis,62,lbevisa8@reddit.com,908-777-4738
flatana9,PuxusLdWP,Fredek,Latan,40,flatana9@howstuffworks.com,380-356-7329
tmccroryaa,KXmo5NFgEZ,Torry,McCrory,23,tmccroryaa@addthis.com,499-412-1384
dtrevaskisab,4L31CPpADp0,Donni,Trevaskis,37,dtrevaskisab@ebay.com,487-948-7349
fpinderac,Nfc0IhUf8,Federico,Pinder,4,fpinderac@ebay.com,461-121-3357
sglencrossad,ByjXTQQh8kp,Sansone,Glencross,53,sglencrossad@arstechnica.com,300-651-8055
hmosebyae,t1y3bav,Harrison,Moseby,2,hmosebyae@census.gov,270-646-6863
dbartaliaf,OEGlBC1WyIL,Doreen,Bartali,8,dbartaliaf@accuweather.com,486-793-4144
fboissierag,gq72UYEIQF,Frank,Boissier,18,fboissierag@hibu.com,143-769-9987
ebernardottiah,t68feSj,Emelen,Bernardotti,29,ebernardottiah@google.fr,245-600-6079
twadlyai,zPFF6PBosA,Trula,Wadly,34,twadlyai@163.com,174-469-0400
sroafaj,ud2qddSZe29,Saunder,Roaf,42,sroafaj@cornell.edu,824-380-7729
jweatherupak,f9tiO38nHP,Jacintha,Weatherup,46,jweatherupak@hhs.gov,567-925-6887
bstudal,Ml0ZDFk,Brooke,Stud,9,bstudal@xinhuanet.com,696-944-5970
spirtam,duBfWwe,Sabrina,Pirt,20,spirtam@tmall.com,776-497-6238
tpreslandan,FHUHENAv,Thibaut,Presland,7,tpreslandan@toplist.cz,770-467-0647
asiburnao,pd7XQEO,Ashien,Siburn,29,asiburnao@seesaa.net,105-729-9381
rgrederap,jrmIO2n08Iwr,Ricki,Greder,64,rgrederap@icio.us,362-900-1273
bsheddenaq,kCBjI4Vk7FF,Binnie,Shedden,58,bsheddenaq@bravesites.com,364-865-9734
lgianniniar,ptg2BUL0rFj,Lilla,Giannini,38,lgianniniar@ebay.com,209-823-1978
jstivanias,WHSHHwUzfKN,Julian,Stivani,40,jstivanias@si.edu,714-999-5894
rlaingmaidat,YvtWGtj8Lf,Raoul,Laingmaid,60,rlaingmaidat@themeforest.net,394-468-7839
dolcotau,2wgFjz4ciyNm,Dorena,Olcot,57,dolcotau@sciencedaily.com,103-622-7623
dlungeav,nMG5Nahi,Deane,Lunge,8,dlungeav@list-manage.com,967-781-4076
citschakovaw,XcErGU2tSa0r,Chiquia,Itschakov,6,citschakovaw@sun.com,973-577-0157
ablightax,OMoxoWri,Aliza,Blight,7,ablightax@chronoengine.com,209-645-0232
dpilpovicay,697OQI2zSnh,Delilah,Pilpovic,46,dpilpovicay@cornell.edu,973-558-2034
uplaiceaz,MjnGB39f,Ulrikaumeko,Plaice,67,uplaiceaz@mozilla.org,578-468-6827
sberryclothb0,L7budp,Susann,Berrycloth,60,sberryclothb0@accuweather.com,383-934-2914
anewberryb1,EAwVcKA,Agathe,Newberry,56,anewberryb1@cafepress.com,316-548-6403
rmissendenb2,tMhaWJyIC,Roi,Missenden,17,rmissendenb2@ft.com,768-884-6826
dgrayshonb3,vmwIfJuySfD1,Demetria,Grayshon,6,dgrayshonb3@google.com,316-342-6806
adeclercb4,rBYtLdQW9dgA,April,de Clerc,57,adeclercb4@surveymonkey.com,138-698-2796
dgomarb5,N5CLLSJYo,Decca,Gomar,67,dgomarb5@cdbaby.com,551-597-7463
cwotherspoonb6,wQAdeCyVvon,Codee,Wotherspoon,54,cwotherspoonb6@i2i.jp,417-746-0844
spendleberyb7,3l8BEEtczt,Sabrina,Pendlebery,6,spendleberyb7@ustream.tv,652-151-3186
pallcroftb8,Hj1HJK,Phedra,Allcroft,42,pallcroftb8@blogspot.com,312-738-0211
jnutbeamb9,YhjzhetFx,Johny,Nutbeam,46,jnutbeamb9@meetup.com,975-912-4183
csabathierba,3Z092W,Carlotta,Sabathier,26,csabathierba@liveinternet.ru,917-506-0952
csabbinbb,EOAW6vJ,Celinda,Sabbin,20,csabbinbb@fc2.com,728-309-5550
mofergusbc,w240lc,Mira,O'Fergus,42,mofergusbc@hud.gov,823-564-1232
ytantumbd,WnlMVl,Yetta,Tantum,40,ytantumbd@vk.com,488-838-7015
rdictusbe,HxgGWqrWLTC4,Rennie,Dictus,66,rdictusbe@icio.us,798-467-4507
eimpettbf,rs2ewU,Ethelbert,Impett,26,eimpettbf@de.vu,587-538-0590
jkinsmanbg,YlM5zOVE,Jon,Kinsman,50,jkinsmanbg@spotify.com,729-233-6806
chefferanbh,JCfe1EtD,Claudia,Hefferan,14,chefferanbh@moonfruit.com,596-831-2406
efosberrybi,D7LCGMGqzrhf,Elyn,Fosberry,57,efosberrybi@scribd.com,645-567-6063
eottewellbj,wHdTn2OVd,Enriqueta,Ottewell,8,eottewellbj@wp.com,863-381-6409
jtripettbk,ndRG7iqb5IHy,Janice,Tripett,27,jtripettbk@indiatimes.com,154-424-9846
munionbl,bdDwXhDe7,Myrwyn,Union,53,munionbl@123-reg.co.uk,904-873-5922
dpallisbm,CAXGfLbQgnF,Daniel,Pallis,5,dpallisbm@netlog.com,175-689-8861
tsimaobn,tic5uPu,Tatiania,Simao,56,tsimaobn@eventbrite.com,464-494-5518
klinwoodbo,BVJEeYq8b,Kania,Linwood,36,klinwoodbo@theguardian.com,952-236-2334
bbrotherhoodbp,dXIm8Rv2,Brock,Brotherhood,58,bbrotherhoodbp@wordpress.com,452-564-4496
kgarmsbq,1mHj2tthONU,Kati,Garms,46,kgarmsbq@icq.com,378-122-9963
oniccolsbr,7GplxYIXnIX,Olin,Niccols,12,oniccolsbr@virginia.edu,310-745-4783
astutterbs,NmD1ay,Avivah,Stutter,64,astutterbs@state.gov,686-186-1230
ypfifferbt,0gRaQeZpDO,Yvonne,Pfiffer,22,ypfifferbt@mashable.com,795-865-7716
cflawithbu,tYXCN0s,Cinderella,Flawith,32,cflawithbu@storify.com,901-950-5060
jspinneybv,Bg6QPc9tZfl,Jenelle,Spinney,47,jspinneybv@wufoo.com,520-742-3343
lpurslowbw,mnkWucvRtm,Leo,Purslow,18,lpurslowbw@boston.com,884-429-7496
awillartonbx,nq4OoYWpCara,Ashlin,Willarton,23,awillartonbx@hatena.ne.jp,388-834-4663
tulyetby,TwvcHyGU,Tawsha,Ulyet,30,tulyetby@goo.gl,480-554-2302
ldelayglesiasbz,LTus8j,Leisha,De la Yglesias,36,ldelayglesiasbz@wikispaces.com,434-314-8050
kdowntonc0,ioXTgEGu,Kelwin,Downton,19,kdowntonc0@squidoo.com,550-847-7183
lruddyc1,Pza23PB,Leigh,Ruddy,6,lruddyc1@technorati.com,499-728-5553
rworthingtonc2,2kZwF6kZF4,Rayshell,Worthington,29,rworthingtonc2@tripadvisor.com,227-103-6416
haylesburyc3,OhufdMx6v,Hilliard,Aylesbury,21,haylesburyc3@cyberchimps.com,600-703-3023
hhendrickxc4,4qipytjwB6Y,Herman,Hendrickx,54,hhendrickxc4@list-manage.com,211-132-0910
mmatteaccic5,nj6gHGH1HE,Maible,Matteacci,38,mmatteaccic5@umich.edu,218-488-2932
hfaustianc6,5dDiAMCVO,Hyacinthe,Faustian,27,hfaustianc6@ftc.gov,969-989-8377
eguntripc7,Lp3bsDONCN,Edmund,Guntrip,67,eguntripc7@flickr.com,861-616-0436
ehuntc8,OkAuGJZ,Egbert,Hunt,47,ehuntc8@jimdo.com,857-755-9851
kvairowc9,cyBXdBnh,Kathie,Vairow,6,kvairowc9@squarespace.com,270-647-8416
faldrickca,t3g8Mm5,Forrest,Aldrick,9,faldrickca@purevolume.com,468-395-7104
dcummungscb,YsHpvT,Drugi,Cummungs,54,dcummungscb@sciencedaily.com,662-562-5592
ivequecc,AGQp4vjrDf7,Ives,Veque,35,ivequecc@adobe.com,836-751-4849
mcurnokcd,gxsrI9Yt2t,Malina,Curnok,44,mcurnokcd@npr.org,117-279-1404
ffraginoce,jDoNelo4,Floris,Fragino,35,ffraginoce@arstechnica.com,480-365-0533
jballochcf,jdgaia9E5o7P,Jamison,Balloch,25,jballochcf@gmpg.org,971-904-4263
rsidwickcg,v1d2t0C,Roddie,Sidwick,8,rsidwickcg@reference.com,438-300-7534
atomasekch,PHXcvN,Andriana,Tomasek,17,atomasekch@about.com,387-366-8936
epatridgeci,a34vuGqvP,Eran,Patridge,40,epatridgeci@uol.com.br,396-106-4541
gmoylecj,chaoiMunpp,Godard,Moyle,16,gmoylecj@aboutads.info,987-649-6447
kminshullck,hDmIw6z49,Karl,Minshull,56,kminshullck@qq.com,404-868-0787
pdumbartoncl,FbCxiJQjEVb,Pedro,Dumbarton,42,pdumbartoncl@wikispaces.com,676-956-8873
scasterotcm,mlNlxh9Wum,Shepard,Casterot,66,scasterotcm@google.com.au,826-461-8244
rartoncn,awqI8EuZEH,Ringo,Arton,32,rartoncn@house.gov,747-538-6394
nthundermanco,eNojTcz08,Nydia,Thunderman,12,nthundermanco@spotify.com,131-161-8408
bgaspardcp,R9FHKdM2LWg,Bunni,Gaspard,47,bgaspardcp@yelp.com,114-483-8187
svowelscq,Nm4Obnolvu,Stillmann,Vowels,11,svowelscq@squidoo.com,791-978-3688
chornbucklecr,gesCxgYXmKB,Chandra,Hornbuckle,36,chornbucklecr@ask.com,176-493-7219
cfisbburnecs,S9dMQeDPj4vb,Chastity,Fisbburne,67,cfisbburnecs@census.gov,593-668-2433
jseggect,hJyFJ79K,Junie,Segge,35,jseggect@shinystat.com,492-786-8065
alennoxcu,ImIrXO,Andreas,Lennox,59,alennoxcu@chron.com,644-468-2217
klagaducv,hOYM8plzR,Katya,Lagadu,4,klagaducv@mail.ru,846-170-8869
cjerroldcw,hOBJydE,Clarie,Jerrold,44,cjerroldcw@github.io,854-925-0791
tmacconnellcx,hvYBoizwaa,Thacher,MacConnell,44,tmacconnellcx@nasa.gov,905-336-7365
gdunniomcy,Jse9UozyCjh,Garvy,Dunniom,4,gdunniomcy@dailymail.co.uk,478-488-5501
pfaircz,OFDuNnM44,Pernell,Fair,48,pfaircz@nih.gov,757-773-4868
hduchateld0,wf2ouicyPZR0,Hermy,Duchatel,39,hduchateld0@blogtalkradio.com,622-980-6221
bnorringtond1,Qlt3ApfRle,Braden,Norrington,20,bnorringtond1@washingtonpost.com,529-139-9626
bruitd2,phiVCflAxpE,Bonita,Ruit,39,bruitd2@va.gov,694-527-0644
vquind3,AtITuWs,Vaclav,Quin,40,vquind3@slideshare.net,250-129-4299
lchiplend4,2LENUEDX6Zs,Lesli,Chiplen,18,lchiplend4@liveinternet.ru,644-421-1528
mbowlesd5,xGYNq5Kumres,Michaelina,Bowles,25,mbowlesd5@shinystat.com,319-736-5691
npesakd6,bsztCxyhi8Sf,Neddie,Pesak,44,npesakd6@myspace.com,894-840-8870
rdemalchard7,5l04pD,Richart,De Malchar,1,rdemalchard7@mashable.com,753-563-9002
bbraynd8,R4Euyx2g,Basile,Brayn,32,bbraynd8@xing.com,294-719-7427
ddennehyd9,0zwbhJ,Duff,Dennehy,22,ddennehyd9@hibu.com,189-689-7755
xnuscheda,ozMTwd,Xenos,Nusche,65,xnuscheda@artisteer.com,825-974-5204
cjohnigandb,m8fir5Ij7FHc,Carlin,Johnigan,29,cjohnigandb@xinhuanet.com,520-607-6102
aormandc,vcoTQG,Alverta,Orman,39,aormandc@princeton.edu,988-350-9123
aantonescudd,YK4mInYKxWm,Almira,Antonescu,69,aantonescudd@github.com,353-431-1118
mbogaertde,7b5pi9i,Maurits,Bogaert,9,mbogaertde@cyberchimps.com,772-663-9605
chundelldf,HwOhIeRhyUR,Cristine,Hundell,40,chundelldf@cargocollective.com,775-968-3856
wkelshawdg,uUw0Xwmzr,Winnie,Kelshaw,35,wkelshawdg@seattletimes.com,495-586-0932
pheijnendh,lGRTgI2QBzD,Perri,Heijnen,61,pheijnendh@nydailynews.com,419-590-0529
krudalldi,J5hmFsgMI,Karly,Rudall,40,krudalldi@i2i.jp,770-684-4907
lpearlmandj,PRRwcr696Y,Lenka,Pearlman,69,lpearlmandj@php.net,654-908-3550
cliverockdk,z3SETaiTBiTZ,Clara,Liverock,62,cliverockdk@fda.gov,126-427-4915
qzanottidl,hsUURG8AMuQG,Quinn,Zanotti,52,qzanottidl@nbcnews.com,888-612-1836
rstarkingdm,Wh079Q6ux,Ransell,Starking,50,rstarkingdm@elegantthemes.com,735-980-4429
cshambrookedn,Jql8X1,Corbin,Shambrooke,28,cshambrookedn@sphinn.com,727-100-7425
mhockingdo,r9934CnMMMu,Merry,Hocking,34,mhockingdo@edublogs.org,458-307-2254
rbetancourtdp,MSrT41GFsFJy,Ruperta,Betancourt,36,rbetancourtdp@prweb.com,866-627-8568
gwillmettsdq,K88RvE2TUmc,Gracie,Willmetts,67,gwillmettsdq@businesswire.com,951-445-1624
sthoriusdr,SOmiLT,Sophi,Thorius,65,sthoriusdr@wikipedia.org,339-250-6173
toldknowds,wBs8o8,Tanny,Oldknow,65,toldknowds@google.fr,635-693-5460
jworkdt,CCmJrm,Judi,Work,51,jworkdt@mtv.com,720-723-5289
jlouedeydu,4gnHYUD,Jereme,Louedey,42,jlouedeydu@japanpost.jp,697-549-6713
aateggartdv,6RVrr8hNVRC,Ashley,Ateggart,5,aateggartdv@flavors.me,145-234-0505
jscatcherdw,fHN5fb,Joshia,Scatcher,21,jscatcherdw@harvard.edu,962-637-2870
mbasezzidx,uyFnIb2p,Maddalena,Basezzi,43,mbasezzidx@weibo.com,746-949-6834
abrandlidy,9nQ2oNLVi,Ax,Brandli,60,abrandlidy@abc.net.au,814-987-5201
samiesdz,spRlfJuCis,Sunny,Amies,51,samiesdz@ihg.com,537-207-0804
rcasole0,p7GZHr,Reggy,Casol,24,rcasole0@princeton.edu,991-739-6863
kgeorgele1,94Q6apwUO,Karia,Georgel,56,kgeorgele1@altervista.org,579-310-7633
vbuttlee2,K8ac4M2egSYN,Verina,Buttle,45,vbuttlee2@icio.us,899-518-2451
kmcdermottrowe3,NftH8tRr2,Kelsi,McDermott-Row,52,kmcdermottrowe3@mapy.cz,198-435-3773
pnailee4,7bdVg3d3,Parrnell,Naile,57,pnailee4@jiathis.com,644-447-5496
locurneene5,ZOWwUVwKD,Lurlene,O'Curneen,50,locurneene5@github.io,788-871-7441
hneligane6,RPJfa3Di3O,Hartwell,Neligan,58,hneligane6@yelp.com,165-527-4724
aancelle7,vz7KLBJ,Aila,Ancell,20,aancelle7@pen.io,778-430-8441
adelacotee8,Vvwa64XxFw,Annaliese,De La Cote,27,adelacotee8@loc.gov,970-205-1078
gplaine9,ilRiEzx,Genny,Plain,56,gplaine9@nba.com,606-641-3405
ipedderea,xTMvyc3UFh,Idette,Pedder,36,ipedderea@360.cn,443-176-2496
ekelsoneb,CWOejiRLBA6,Emalia,Kelson,46,ekelsoneb@google.nl,250-401-3377
gjohananovec,SqUzBXa8,Gerri,Johananov,63,gjohananovec@wikispaces.com,411-964-3572
bbloschkeed,xREkj6Z,Bobette,Bloschke,41,bbloschkeed@google.ru,150-161-2842
sfaustianee,Bgbcw3,Shelli,Faustian,16,sfaustianee@arizona.edu,409-402-8526
kcampanelleef,PEQX7wz5u2,Kari,Campanelle,23,kcampanelleef@thetimes.co.uk,973-401-9584
dcallendereg,FLcpgKvnZ,Deb,Callender,16,dcallendereg@nsw.gov.au,781-377-3587
bbenezeeh,vYSgJaoV,Blisse,Beneze,1,bbenezeeh@rakuten.co.jp,315-166-0972
cletfordei,8f895IQCX,Carina,Letford,27,cletfordei@sohu.com,513-292-9040
acrasswellej,qhhCHW7QlILC,Aldo,Crasswell,7,acrasswellej@noaa.gov,780-630-4423
tgolderek,uqhulUhdM4,Torre,Golder,47,tgolderek@sun.com,992-740-3591
eexallel,SrFlSQ7EAbjr,Elsie,Exall,27,eexallel@hatena.ne.jp,307-868-1951
gpetrukem,slXWIyQC4,Glory,Petruk,32,gpetrukem@histats.com,940-221-1643
jfainten,icFZ1mJmjDx,Josias,Faint,7,jfainten@usda.gov,388-977-8707
vbleaseo,kBD9rfj,Verena,Bleas,23,vbleaseo@google.ca,550-392-7986
mheballep,Ijh9m4UXyQbt,Marvin,Heball,15,mheballep@ucoz.com,873-596-2818
tsnodayeq,TiQE7qKkq,Tyler,Snoday,4,tsnodayeq@yahoo.co.jp,723-162-4644
graulstoneer,cc5zuZ6RbgmD,Germaine,Raulstone,44,graulstoneer@topsy.com,375-580-3598
lbarmees,dktNo8Kqk,Lorrayne,Barme,54,lbarmees@cdc.gov,185-517-3689
ljacobowitset,5A8Ldjp,Lurleen,Jacobowits,21,ljacobowitset@umn.edu,264-764-4691
cmaddafordeu,dqqL0Yx,Clementius,Maddaford,12,cmaddafordeu@hibu.com,584-684-7219
mrupkeev,yRp987YY,Mary,Rupke,9,mrupkeev@dyndns.org,330-705-5142
cgelsthorpeew,d6B9az4BSEf,Cosimo,Gelsthorpe,5,cgelsthorpeew@wikipedia.org,470-269-8665
ipenniex,TUSeeVxcGSk,Ilyssa,Penni,62,ipenniex@de.vu,582-727-0929
kcockiney,rFXhaXpgS,Karla,Cockin,63,kcockiney@ebay.com,347-227-9105
jlentonez,nbdIJtPxVHF,Jeromy,Lenton,51,jlentonez@livejournal.com,250-466-7563
jcraggf0,LRup6P8NO0Pe,Juli,Cragg,69,jcraggf0@berkeley.edu,605-285-1326
fmelluishf1,ztSbv67h9,Frederic,Melluish,7,fmelluishf1@oracle.com,462-970-8777
hrembrandtf2,mLBSzo8EzA,Helyn,Rembrandt,25,hrembrandtf2@intel.com,209-680-2425
gvonderemptenf3,68VUYRd01R,Gwendolyn,Von Der Empten,11,gvonderemptenf3@mac.com,469-884-3281
cbrymnerf4,IAiCUbYfWjz9,Claudio,Brymner,59,cbrymnerf4@ihg.com,552-771-2666
amaccathayf5,npMezwpBi,Adel,MacCathay,70,amaccathayf5@japanpost.jp,812-961-4771
erubertif6,p9jblcjkhTfi,Ericha,Ruberti,67,erubertif6@hhs.gov,169-657-8018
ahalledayf7,vSMBNNjl,Amaleta,Halleday,17,ahalledayf7@1und1.de,255-271-4383
ipollardf8,xhlZStOpAmzI,Ignacius,Pollard,64,ipollardf8@foxnews.com,410-173-1656
lniemiecf9,UlCUzQBndLFC,Ludwig,Niemiec,63,lniemiecf9@pen.io,972-879-0658
jantalffyfa,AhiuyMD,Juliane,Antalffy,32,jantalffyfa@mit.edu,189-259-6229
mfourmyfb,GxzlIbo9,Mason,Fourmy,40,mfourmyfb@webnode.com,766-381-2415
bharbidgefc,0EeiKu9Yhh,Bordie,Harbidge,27,bharbidgefc@homestead.com,860-542-5360
tmckernanfd,kmY2kjc,Tildi,McKernan,32,tmckernanfd@cnn.com,159-430-8977
jfinderfe,I4g2Khd,Jenica,Finder,52,jfinderfe@spiegel.de,851-979-1822
dryamff,vL0LYKeCf,Diane,Ryam,5,dryamff@pcworld.com,490-741-6053
jdecristofalofg,tAFQTHeJLJRd,Janna,De Cristofalo,24,jdecristofalofg@chron.com,184-424-9295
fbesfh,vxNaQrF,Flem,Bes,31,fbesfh@elpais.com,288-131-7970
hharrimanfi,8NlYwDBLGQi,Holly,Harriman,22,hharrimanfi@adobe.com,280-131-3284
cklossmannfj,n5G9V1Qk8E,Courtney,Klossmann,42,cklossmannfj@blogger.com,563-738-7811
oiacovuccifk,jF7kMoLQN,Orelia,Iacovucci,40,oiacovuccifk@comcast.net,581-797-4421
agaskinfl,rxZXmo7os5,Agace,Gaskin,61,agaskinfl@reverbnation.com,324-590-3640
glookerfm,psNv2Y,Giles,Looker,20,glookerfm@statcounter.com,764-270-8871
oparrisfn,RO8pxObT1DW,Ossie,Parris,69,oparrisfn@aboutads.info,698-629-8623
dhouchenfo,G8vBQa,Dougy,Houchen,8,dhouchenfo@newsvine.com,483-237-2716
ssudworthfp,s5OWyvDPDd,Sanson,Sudworth,16,ssudworthfp@springer.com,351-677-0610
monyonfq,YTrcH9,Matthew,Onyon,7,monyonfq@constantcontact.com,880-176-1679
chumanfr,mxMkANPkDU4B,Charline,Human,57,chumanfr@wunderground.com,310-996-9959
ikerbeyfs,Se6d6YR5,Ilka,Kerbey,55,ikerbeyfs@w3.org,439-815-1042
drauft,SmZnGm9Oux,Doug,Rau,30,drauft@apache.org,848-396-5570
bdanielfu,B6zjObOyQ,Bev,Daniel,33,bdanielfu@google.ru,472-137-8987
sjohnstonefv,ww37g6gXk,Shane,Johnstone,38,sjohnstonefv@twitter.com,949-713-8604
mpllufw,Xp3gyVc4YGx,Maren,Pllu,64,mpllufw@yahoo.com,377-860-1942
awhitingfx,p4faVxatUsET,Antone,Whiting,69,awhitingfx@lulu.com,614-859-0720
kpestellfy,jStPdW,Karisa,Pestell,56,kpestellfy@princeton.edu,554-736-9467
rchalonerfz,ZbU12nBnA,Reynold,Chaloner,46,rchalonerfz@pen.io,277-360-7802
bwhytemang0,KidfrEQ,Bill,Whyteman,42,bwhytemang0@upenn.edu,179-477-3615
kreichertg1,92OA8totUVR,Kara-lynn,Reichert,41,kreichertg1@comsenz.com,667-328-3061
hsafontg2,JBwK6afBy91T,Hyatt,Safont,60,hsafontg2@nih.gov,473-429-8380
gwharramg3,LJG6k2a,Gizela,Wharram,25,gwharramg3@walmart.com,519-569-6419
amarnesg4,xqRVBUh,Al,Marnes,38,amarnesg4@wordpress.com,686-883-7637
tmcmorrang5,fhfbfAGko,Torie,McMorran,12,tmcmorrang5@photobucket.com,632-815-3490
vmcgeachyg6,wSQmF1p,Vikky,McGeachy,26,vmcgeachyg6@unesco.org,220-105-1536
nkhristoforovg7,Z0aOPUSQ,Nadeen,Khristoforov,21,nkhristoforovg7@biglobe.ne.jp,259-404-2293
mcraggg8,DorL5ZqoUD,Malvin,Cragg,38,mcraggg8@is.gd,408-585-5703
wrontschg9,RCHIUQ,Walsh,Rontsch,7,wrontschg9@cornell.edu,198-160-4542
tcollacombega,Rtfr3xf8,Thea,Collacombe,65,tcollacombega@nydailynews.com,784-388-7651
ajestegb,GOyMJpCk,Arlen,Jeste,3,ajestegb@stanford.edu,297-978-9084
ihuxtablegc,KdQaWSbv,Inger,Huxtable,19,ihuxtablegc@tripadvisor.com,169-518-3969
ccresargd,BSWzym,Caprice,Cresar,61,ccresargd@hao123.com,374-613-5892
jkytleyge,YHDllsm,Jerry,Kytley,19,jkytleyge@devhub.com,117-575-2364
ichelnamgf,eztMjTDOb,Iago,Chelnam,46,ichelnamgf@flickr.com,120-772-7354
edenyukhingg,hPZXcn,Eudora,Denyukhin,51,edenyukhingg@jigsy.com,807-994-0639
hreddangh,k2qVk7jIoq,Hurley,Reddan,1,hreddangh@sina.com.cn,589-537-9213
sgascardgi,IsdCQb,Stefan,Gascard,39,sgascardgi@cornell.edu,664-847-0522
gstennetgj,finITcPyElJo,Gradey,Stennet,42,gstennetgj@plala.or.jp,806-135-6438
bdradeygk,51XXal,Beck,Dradey,63,bdradeygk@msn.com,443-142-3076
nmacdonellgl,r2yKiaoxOc,Noni,MacDonell,69,nmacdonellgl@tiny.cc,509-931-8731
eabbeygm,OjoKfXVvf,Edik,Abbey,16,eabbeygm@ted.com,551-731-3240
ddellenbrokgn,gZKtCgYmDR3,Dido,Dellenbrok,38,ddellenbrokgn@disqus.com,375-467-2350
bwillcotgo,P2XXwUdNng3w,Brand,Willcot,29,bwillcotgo@ustream.tv,875-764-3039
amonckmangp,EBxeKR,Allison,Monckman,45,amonckmangp@feedburner.com,406-983-0787
bpickrellgq,78adEkyXl9KX,Blisse,Pickrell,46,bpickrellgq@mozilla.com,433-631-6084
eshallcrassgr,nVpfbLIv5RAg,Eugine,Shallcrass,30,eshallcrassgr@newsvine.com,139-590-0453
mrishbrookgs,KbjGqDq7S0I,Michael,Rishbrook,50,mrishbrookgs@virginia.edu,621-171-6031
tgetcliffgt,kKkivcNkdAF,Tann,Getcliff,33,tgetcliffgt@sogou.com,203-483-4494
hversongu,IMaHsK3VAv,Humphrey,Verson,58,hversongu@ameblo.jp,321-313-6989
cmolinegv,GOd46uH8aSs3,Chalmers,Moline,22,cmolinegv@oaic.gov.au,168-619-5305
cclaveygw,8MkuwDi,Clive,Clavey,18,cclaveygw@amazon.de,434-933-1908
tbichardgx,ywhVN3Arpl,Thaddeus,Bichard,17,tbichardgx@e-recht24.de,148-495-5041
sdanielotgy,Bp9sDcQqW,Sansone,Danielot,3,sdanielotgy@cdbaby.com,879-220-3724
ojarrelgz,8JnBzZdEMEi,Oralle,Jarrel,59,ojarrelgz@over-blog.com,341-362-0797
lsandellh0,ZexPM8XFuju,Levon,Sandell,66,lsandellh0@google.pl,903-264-4375
dscargleh1,fl6EjVRQ8,Daphna,Scargle,18,dscargleh1@histats.com,527-864-6326
scomellinih2,fGtW9oJfTap,Sidnee,Comellini,40,scomellinih2@sun.com,454-768-8687
kbuggsh3,eIcnSVJzXW8,Kelcy,Buggs,48,kbuggsh3@squidoo.com,449-595-0720
mquadeh4,02GV0qpJSthm,Madelina,Quade,64,mquadeh4@ovh.net,774-811-2544
ltrewarthah5,9YqwQ5,Lucius,Trewartha,4,ltrewarthah5@odnoklassniki.ru,851-130-7242
baireh6,4eUvQQtDm,Bjorn,Aire,38,baireh6@addthis.com,542-763-5627
hjoslandh7,Otl1xMm,Hulda,Josland,56,hjoslandh7@java.com,126-329-6583
jbeevorh8,I8zCPg7qhwe1,Julian,Beevor,46,jbeevorh8@deviantart.com,225-439-5475
cslocketh9,qTym1kS,Corissa,Slocket,69,cslocketh9@sina.com.cn,266-285-6615
mbrikha,Mu8nyELwV,Myrtie,Brik,9,mbrikha@imdb.com,133-896-7740
jforganhb,84ELxCTom4B,Joellen,Forgan,27,jforganhb@ucla.edu,930-747-1320
sisacssonhc,Qtk9BVH,Susan,Isacsson,7,sisacssonhc@e-recht24.de,187-890-7718
aossultonhd,6iadPpl,Alissa,Ossulton,32,aossultonhd@amazon.de,478-230-4007
gfolominhe,0TeeGXjXJEWI,Godart,Folomin,15,gfolominhe@dropbox.com,768-739-1250
pheinzlerhf,4k7IMCCShRO1,Pavel,Heinzler,3,pheinzlerhf@yelp.com,148-732-6782
kblagburnhg,lIVaOj70L,Kitty,Blagburn,5,kblagburnhg@uol.com.br,583-340-1219
aspilemanhh,P63AMpICiTzi,Alix,Spileman,21,aspilemanhh@who.int,913-555-2473
pfitzmauricehi,jDDY5j9V,Patty,Fitzmaurice,67,pfitzmauricehi@acquirethisname.com,936-268-7057
tbeazeyhj,h5tGr5,Tandy,Beazey,15,tbeazeyhj@army.mil,919-251-0048
aodoghertyhk,tieMtuDB,Alain,O'Dogherty,41,aodoghertyhk@sina.com.cn,666-165-1439
mdudderidgehl,3D5bCRDt7Dh,Milli,Dudderidge,64,mdudderidgehl@biglobe.ne.jp,802-354-1373
aplosehm,hS5SWwh,Adena,Plose,58,aplosehm@deliciousdays.com,807-162-7322
tcastilljohn,WeDM7wz4,Turner,Castilljo,22,tcastilljohn@economist.com,138-161-8475
tpicoppho,9cnvzha,Talya,Picopp,4,tpicoppho@amazon.com,310-496-8936
cranyellhp,Iu0DhOlt4,Corissa,Ranyell,50,cranyellhp@squarespace.com,112-374-1580
fchaundyhq,qH29jUG3dW,Forrest,Chaundy,27,fchaundyhq@google.ca,570-659-9904
bvirgoehr,YoAmG9URwI,Baron,Virgoe,16,bvirgoehr@usatoday.com,359-862-0398
dleesonhs,R8Raay9x,Delano,Leeson,1,dleesonhs@uol.com.br,279-365-0095
egrossmanht,scPxVtprNI,Eleanor,Grossman,41,egrossmanht@prlog.org,597-877-4193
brolfohu,YvmOh3m,Binnie,Rolfo,6,brolfohu@arizona.edu,862-466-6629
aaudleyhv,DoTKTfMj2q4,Aldon,Audley,49,aaudleyhv@4shared.com,511-202-1178
vvillaronhw,hKnz1QTGR,Victoria,Villaron,62,vvillaronhw@goo.gl,222-897-9343
srhymerhx,u4JR3MvaeVsZ,Shani,Rhymer,20,srhymerhx@sphinn.com,243-769-5290
rvannozziihy,rnSi4UbtD,Rolf,Vannozzii,5,rvannozziihy@prnewswire.com,679-315-8867
egoodingehz,rO9sdH1MtDpE,Elinor,Goodinge,51,egoodingehz@latimes.com,356-187-5147
lwissbeyi0,OtVq0jd,Leonerd,Wissbey,39,lwissbeyi0@hp.com,128-544-2833
lgowleri1,KApDj0Vt,Lonni,Gowler,10,lgowleri1@buzzfeed.com,682-573-0220
rdwellyi2,yY2fjq2FizhN,Ryun,Dwelly,53,rdwellyi2@newsvine.com,622-182-2826
astrangmani3,UiNU1sDFepEh,Angelica,Strangman,59,astrangmani3@t-online.de,891-587-6446
psweetenhami4,XZhB97xp8Xt,Penelopa,Sweetenham,1,psweetenhami4@sphinn.com,145-418-0501
mindruchi5,kDBPNkJ6,Martina,Indruch,67,mindruchi5@hc360.com,745-456-9523
ecoulei6,oY9JLEyg2I0,Ewell,Coule,61,ecoulei6@wired.com,711-169-5710
lbothiei7,gLxHpx,Lura,Bothie,46,lbothiei7@jugem.jp,400-357-6652
fshivlini8,dt7XlW3OPuw,Frederigo,Shivlin,11,fshivlini8@slideshare.net,335-759-3826
apeceyi9,y3IBJorR1O,Adriena,Pecey,25,apeceyi9@ehow.com,206-291-3641
tperhamia,rOPzf9oQ,Tonia,Perham,67,tperhamia@cyberchimps.com,264-734-0474
gshoneib,XJLcXRL65y,Giana,Shone,14,gshoneib@yandex.ru,291-637-5058
kjinkinic,einLFTE,Karrie,Jinkin,39,kjinkinic@spotify.com,931-498-4277
mschoolfieldid,y2GVk80,Mort,Schoolfield,26,mschoolfieldid@army.mil,824-279-1336
omacneachtainie,dgVZEKdjecDo,Onofredo,MacNeachtain,46,omacneachtainie@elpais.com,370-125-1657
tbramsomif,KAoBvW1aY,Townie,Bramsom,14,tbramsomif@last.fm,229-604-8630
mclayhillig,Z4KPcVEN0JFI,Monah,Clayhill,10,mclayhillig@theatlantic.com,927-268-6445
rkyleih,5Bi8IfW,Raviv,Kyle,27,rkyleih@ow.ly,270-375-4532
sgoodliffii,VJGWef5Yodi,Shelton,Goodliff,31,sgoodliffii@rambler.ru,332-334-2178
aeverestij,ERIaPj,Analise,Everest,65,aeverestij@eepurl.com,507-461-9903
dboaseik,lK0Pie,Devin,Boase,64,dboaseik@sohu.com,705-577-4747
hcumptonil,SPd4SMyp,Hanan,Cumpton,50,hcumptonil@berkeley.edu,274-979-6916
hgatecliffeim,CexBVw0,Halsy,Gatecliffe,29,hgatecliffeim@blogtalkradio.com,492-979-3377
kgadsdenin,pqGQaQGTlU29,Kameko,Gadsden,23,kgadsdenin@yahoo.com,851-100-3006
dcasacciaio,FDiK3v9iGxwE,Devin,Casaccia,9,dcasacciaio@discovery.com,426-590-1503
msmallcombeip,2eMO6ku,Meg,Smallcombe,45,msmallcombeip@scribd.com,685-160-2551
mstayteiq,knxayQ7,Morissa,Stayte,51,mstayteiq@domainmarket.com,814-258-7517
sthreadgoldir,2ZZnENK3ZN,Sayre,Threadgold,64,sthreadgoldir@jiathis.com,914-421-8942
fmaggioriis,X6YvsIxlxfyP,Fenelia,Maggiori,28,fmaggioriis@biglobe.ne.jp,532-603-0784
smckinlayit,fkluHidvMoi,Shalna,McKinlay,43,smckinlayit@cyberchimps.com,832-266-1421
fgreaderiu,eY9EUXY2qp3U,Faustina,Greader,20,fgreaderiu@mlb.com,799-310-5224
gpetrolliiv,nQk2owRFdhz,Goldia,Petrolli,44,gpetrolliiv@hp.com,257-254-8250
gforsythiw,CB9x5pYBsEr,Glenna,Forsyth,23,gforsythiw@goodreads.com,915-733-2908
kolliarix,6L9288U,Karena,Olliar,3,kolliarix@adobe.com,989-893-2992
mwebborniy,AcGBxcYK,Marci,Webborn,6,mwebborniy@histats.com,550-838-7411
glovelliz,5mxIf6w,Germaine,Lovell,68,glovelliz@apache.org,109-200-3164
jswadlenj0,2tUbhRI,Jaquenetta,Swadlen,1,jswadlenj0@sfgate.com,355-986-0224
edoolerj1,urkLFa,Edgardo,Dooler,35,edoolerj1@deviantart.com,910-936-8459
hamerighij2,pS5AuaZJqkh,Harvey,Amerighi,25,hamerighij2@surveymonkey.com,624-309-9125
lcogerj3,QaFnGy3VJ,Linn,Coger,8,lcogerj3@cnbc.com,749-385-8912
bbownessj4,iG2CIXN2ISh,Briny,Bowness,13,bbownessj4@icq.com,226-555-4804
adallanderj5,D5ucnFBpELk9,Arin,Dallander,10,adallanderj5@shop-pro.jp,138-146-4366
manglinj6,VgOF1zehR5,Mirabella,Anglin,40,manglinj6@accuweather.com,156-739-3335
lellorj7,hASKahjAQg,Lindsay,Ellor,13,lellorj7@meetup.com,503-913-9466
ahinchonj8,8AjgPqXL15O,Alethea,Hinchon,55,ahinchonj8@buzzfeed.com,502-398-1519
vbickmorej9,pQgK2W,Valentino,Bickmore,64,vbickmorej9@myspace.com,412-976-0704
tnovotnija,jdel58I90A,Tessa,Novotni,70,tnovotnija@last.fm,213-431-6399
yremirezjb,q1d0v2CS,Yevette,Remirez,32,yremirezjb@yelp.com,441-395-8428
lfinckejc,PQqxMUGEWEt,Lauralee,Fincke,58,lfinckejc@bizjournals.com,478-783-8552
kkasteljd,CN5rIpy20,Kevyn,Kastel,62,kkasteljd@princeton.edu,750-441-7914
gdymokeje,tG57IMaUQx,Georgeanna,Dymoke,56,gdymokeje@noaa.gov,384-303-0960
rbrydenjf,TOjOJx7YVwZ,Rani,Bryden,27,rbrydenjf@ebay.co.uk,909-468-6429
egubbinjg,SJGuNv1aWe,Elsie,Gubbin,12,egubbinjg@aol.com,359-661-6322
amcglaudjh,vaasJa5,Aurilia,McGlaud,9,amcglaudjh@infoseek.co.jp,815-983-0911
nworswickji,LSvts7CbDc,Nerissa,Worswick,30,nworswickji@sohu.com,405-431-2955
gbolinjj,iNlKRJ4N,Gerek,Bolin,21,gbolinjj@linkedin.com,404-231-1304
chayfieldjk,9WTpCUte,Christophorus,Hayfield,32,chayfieldjk@behance.net,500-941-0380
ldoodneyjl,tNC7SsZKSe,Lian,Doodney,20,ldoodneyjl@bandcamp.com,565-573-1386
ceneasjm,CRg1CW,Clemens,Eneas,2,ceneasjm@wikipedia.org,910-569-7498
hparysownajn,ryzPTgeu78,Hasheem,Parysowna,34,hparysownajn@domainmarket.com,581-461-5175
bcroysdalejo,pNzSQ6mV,Belicia,Croysdale,6,bcroysdalejo@hc360.com,197-704-5540
ewilbyjp,UCuFL5HO,Ellissa,Wilby,49,ewilbyjp@admin.ch,758-522-9939
xhaythornthwaitejq,siIeyslEH1,Xymenes,Haythornthwaite,31,xhaythornthwaitejq@google.ca,384-657-7723
pmirrallsjr,zwsgRJBIBtW,Pasquale,Mirralls,43,pmirrallsjr@aol.com,943-708-1931
cbratchjs,Y8OsJCgVXE,Cicely,Bratch,16,cbratchjs@xing.com,199-626-7702
zmclesejt,xLVI66Eb,Zak,McLese,67,zmclesejt@earthlink.net,152-933-4999
hweldrickju,Osc35IrMcT,Heda,Weldrick,43,hweldrickju@artisteer.com,483-210-4924
dcailjv,eCrvzlVj2,Delcina,Cail,47,dcailjv@t-online.de,605-456-7534
uwoolstenholmesjw,0wdDd76ph,Ulrick,Woolstenholmes,70,uwoolstenholmesjw@soup.io,809-321-4752
arubkejx,fvEWw1t5Y,Arliene,Rubke,61,arubkejx@hc360.com,887-284-8915
rsaltwelljy,12FXUEFwzhh,Rafe,Saltwell,54,rsaltwelljy@wunderground.com,980-285-9986
jliepinajz,khOimT8,Julie,Liepina,9,jliepinajz@ehow.com,737-353-0701
dprangnellk0,Ys9Xu0F2k0TM,Dave,Prangnell,10,dprangnellk0@ovh.net,399-709-1014
qsimmersk1,vEKCRR,Quinta,Simmers,44,qsimmersk1@illinois.edu,661-460-9168
mmerchantk2,xaNMN666,Mary,Merchant,28,mmerchantk2@blogs.com,784-214-6631
astegerk3,QCH8Q2GXiN,Archy,Steger,7,astegerk3@yellowpages.com,479-930-3762
lslowgravek4,wzsP97za,Louella,Slowgrave,63,lslowgravek4@psu.edu,631-110-8821
zduntonk5,slTMmWYDOxy,Zarah,Dunton,13,zduntonk5@bravesites.com,268-303-9283
tcoolahank6,Mu8kHWFSnW1,Timmie,Coolahan,5,tcoolahank6@salon.com,574-806-2608
ctrucek7,TYOvQ2SMHS,Cherye,Truce,32,ctrucek7@psu.edu,771-354-0998
mdenhamk8,bcG5BwRfOR,Minna,Denham,37,mdenhamk8@amazonaws.com,321-121-6239
hthorpk9,GluQ8Ob,Hazel,Thorp,27,hthorpk9@independent.co.uk,183-567-4916
spetruka,WuYWY3hxzJiQ,Stavros,Petru,25,spetruka@addthis.com,638-170-0737
kbuttingkb,DdycDNH,Karl,Butting,26,kbuttingkb@parallels.com,338-688-0335
lsanzkc,oPbwYtSn4r0,Lion,Sanz,17,lsanzkc@macromedia.com,644-468-3150
crittmeyerkd,CY3pyIy9TkM,Colene,Rittmeyer,44,crittmeyerkd@storify.com,728-925-7549
wcoreyke,4kwqYBK,Willem,Corey,61,wcoreyke@opera.com,895-186-6174
lhubballkf,uMHdL2u0O,Linoel,Hubball,48,lhubballkf@newyorker.com,701-645-9427
mraisbeckkg,KeP9zq,Mal,Raisbeck,63,mraisbeckkg@sakura.ne.jp,318-254-4262
vgellierkh,V0AStd,Vitoria,Gellier,24,vgellierkh@pen.io,478-558-2820
lsmullinki,OKdXSj,Lelia,Smullin,33,lsmullinki@deliciousdays.com,777-445-7202
vandresserkj,MlNOcr,Vail,Andresser,16,vandresserkj@pbs.org,289-479-2625
dfearnehoughkk,9tqS6WkCk,Dotty,Fearnehough,41,dfearnehoughkk@flickr.com,763-448-4720
swaterfallkl,AyfU8AflyeE,Skipton,Waterfall,15,swaterfallkl@ted.com,357-330-9018
pdawsonkm,yrxJ0ZTq,Phylis,Dawson,7,pdawsonkm@walmart.com,193-911-4043
sfenlonkn,w9awvKpLWu,Scarface,Fenlon,1,sfenlonkn@wikispaces.com,969-153-3538
atyzackko,GLkHwcxQW,Archie,Tyzack,34,atyzackko@amazon.com,265-248-2830
mtweedkp,D5SCPE32,Melessa,Tweed,64,mtweedkp@house.gov,909-951-1535
ewenzelkq,Rean0g72DT,Edita,Wenzel,32,ewenzelkq@ibm.com,568-706-3168
oduddellkr,CP4r9pyou,Orran,Duddell,54,oduddellkr@shutterfly.com,234-500-9530
ehalsoks,yYPYfaD,Ezequiel,Halso,63,ehalsoks@jalbum.net,167-405-4799
apendleberykt,TSARRQSG5s,Alisander,Pendlebery,64,apendleberykt@unc.edu,787-456-3169
jjewissku,lEvBGkw,Julieta,Jewiss,65,jjewissku@php.net,145-496-2842
cradbornekv,gVZ2CaxrSsR,Cazzie,Radborne,46,cradbornekv@jalbum.net,314-688-9577
mbittanykw,VPJiFc,Mabelle,Bittany,22,mbittanykw@woothemes.com,574-659-0192
cdeemkx,ZTSD6j,Corinna,Deem,15,cdeemkx@home.pl,545-757-5563
gaslieky,VQIfPCsncC,Gaspard,Aslie,15,gaslieky@arizona.edu,189-610-1917
vrickertkz,VdCivRNK,Viole,Rickert,3,vrickertkz@goodreads.com,510-527-3067
nyannel0,KI4wvTs7KKmH,Nicolais,Yanne,50,nyannel0@nsw.gov.au,482-921-5006
bvahll1,LdboFE,Barnaby,Vahl,5,bvahll1@fc2.com,717-468-5834
rmcgorleyl2,cZaT9c4B,Rodolph,McGorley,44,rmcgorleyl2@auda.org.au,907-506-5603
lbroughl3,6FaN7Cs7d7M2,Lucias,Brough,33,lbroughl3@xinhuanet.com,344-947-2680
grotlaufl4,au1Wje,Griffy,Rotlauf,9,grotlaufl4@aol.com,498-527-6617
shuffyl5,vHhkJ9bTU,Sandy,Huffy,33,shuffyl5@skyrock.com,357-737-9075
vlanceterl6,pDXPCmRwQWX7,Vasili,Lanceter,10,vlanceterl6@slideshare.net,236-412-8671
mguideral7,VDiTdTorEf8D,Maxi,Guidera,37,mguideral7@mozilla.com,352-959-9332
jdurnfordl8,n2NTuc0,Jerri,Durnford,12,jdurnfordl8@google.de,164-123-3971
cterbeekl9,Zl7qSz,Coop,Terbeek,8,cterbeekl9@ucla.edu,166-121-3779
cwhitemanla,vwVkVgHrzF,Chas,Whiteman,47,cwhitemanla@hugedomains.com,910-991-3273
aaldislb,HWXuDlH3ELB,Abbott,Aldis,55,aaldislb@irs.gov,591-454-7030
psemanlc,uVdI6jirg,Phillida,Seman,29,psemanlc@google.co.uk,925-151-0307
jcrumbleholmeld,xo0YrqM,Josefina,Crumbleholme,56,jcrumbleholmeld@youtu.be,342-984-7983
efearensidele,RnQU6nobeY57,Eddie,Fearenside,53,efearensidele@blogs.com,892-965-3174
smacarthurlf,VF5FoiOB,Stanwood,MacArthur,65,smacarthurlf@guardian.co.uk,111-226-6096
lreadittlg,mb0YDMCthkX,Lamond,Readitt,26,lreadittlg@linkedin.com,629-258-2084
cmcilwraithlh,9fpZB0fR,Cherry,McIlwraith,53,cmcilwraithlh@angelfire.com,432-995-3798
voatleyli,NzvGbv1pA8,Vidovik,Oatley,51,voatleyli@symantec.com,960-523-5446
spasleylj,B0SPdg1x,Sumner,Pasley,11,spasleylj@over-blog.com,883-569-4300
mbartholomauslk,YwvBgK,Morris,Bartholomaus,1,mbartholomauslk@purevolume.com,661-420-9870
vkeanll,BvRZ9Ez6ndtC,Valerie,Kean,48,vkeanll@networksolutions.com,358-991-7614
rgrumbridgelm,GlgIcyU99Qeb,Rabi,Grumbridge,32,rgrumbridgelm@hud.gov,204-965-9385
fhavelineln,WmWtTH9N7,Frederic,Haveline,11,fhavelineln@gov.uk,120-573-1468
msommerscaleslo,nfCNcJc,Marta,Sommerscales,4,msommerscaleslo@t.co,683-757-1190
tpottenlp,3EQv63V,Terrence,Potten,41,tpottenlp@noaa.gov,816-342-1549
eouterbridgelq,noZTxeXBJ,Eugine,Outerbridge,2,eouterbridgelq@networkadvertising.org,958-159-8770
rwyethlr,f9bzNDLh,Robbi,Wyeth,59,rwyethlr@plala.or.jp,842-917-2522
zmenichinils,GoyXHVot,Zacharia,Menichini,11,zmenichinils@mayoclinic.com,314-832-1519
fboytonlt,5LlADk9Q3V,Frederick,Boyton,62,fboytonlt@vinaora.com,674-767-3253
readlu,ZKYl0CnIkn,Remus,Ead,43,readlu@blog.com,489-905-0287
dmeindllv,nxsEjs,Damaris,Meindl,23,dmeindllv@techcrunch.com,160-383-3027
tcahalanlw,qDHQPomt,Toby,Cahalan,26,tcahalanlw@studiopress.com,436-527-0353
achoulertonlx,uXO1xSROZziE,Amara,Choulerton,41,achoulertonlx@va.gov,540-597-2835
mkirkely,EUQAnMAW9nNS,Meredith,Kirke,67,mkirkely@pbs.org,614-409-1648
dbortolottilz,hjPXm42Mf,Darsey,Bortolotti,53,dbortolottilz@ustream.tv,212-526-2038
kmurrhauptm0,djKnTibckbMX,Kirsteni,Murrhaupt,56,kmurrhauptm0@delicious.com,329-753-5718
amccrystalm1,ScQDjUYkB,Alphonso,McCrystal,42,amccrystalm1@netlog.com,148-999-1403
zlodwigm2,yb5mfmV,Zerk,Lodwig,68,zlodwigm2@squarespace.com,357-124-6264
tsparsholtm3,KjCmlUKBh3R,Thorndike,Sparsholt,40,tsparsholtm3@ovh.net,683-536-6819
wmcleoidm4,DYqvVlGvel,Wrennie,McLeoid,53,wmcleoidm4@bing.com,642-355-6158
cgavozzim5,vj7HA5VXtk,Cly,Gavozzi,58,cgavozzim5@constantcontact.com,583-209-7582
dschulzm6,mkPUUxzI,D'arcy,Schulz,44,dschulzm6@mtv.com,397-393-0152
gslitem7,YpkeZScPp,Gustav,Slite,10,gslitem7@intel.com,137-993-8077
mpedriellim8,dhGBpKa2bA,Miltie,Pedrielli,49,mpedriellim8@aol.com,905-133-4877
msollarsm9,NMd26O0Lhto,Merle,Sollars,7,msollarsm9@scientificamerican.com,662-222-4319
ahartzenbergma,eNXXpEIaJs,Anneliese,Hartzenberg,41,ahartzenbergma@sina.com.cn,742-144-3549
rgammonmb,ukQbL7eVJQl,Rubie,Gammon,24,rgammonmb@phoca.cz,743-528-2152
dclaitonmc,ri6FYbiStDv,Domini,Claiton,19,dclaitonmc@cdbaby.com,332-373-8063
tkynanmd,Nhi6TZMf,Tadd,Kynan,6,tkynanmd@usatoday.com,703-398-4384
awilloughwayme,ni7h6futpfv,Ariel,Willoughway,51,awilloughwayme@auda.org.au,527-681-3070
fpetchemf,4OplMG9b,Freddy,Petche,48,fpetchemf@merriam-webster.com,508-173-9827
bchaddmg,x6Q9bsKfw8wM,Bonni,Chadd,35,bchaddmg@goo.ne.jp,796-416-0828
ckardosstowemh,n7k1xTuh8Ri,Cammi,Kardos-Stowe,29,ckardosstowemh@yellowbook.com,657-360-0950
mmasseimi,mOrzggNIP04,Marsh,Massei,61,mmasseimi@pcworld.com,991-433-3245
cgregorioumj,1ileDA5Pl8,Caralie,Gregoriou,18,cgregorioumj@eepurl.com,304-987-6952
bturmelmk,ywQab0cl7U,Bennie,Turmel,31,bturmelmk@networksolutions.com,713-611-1872
tverrillsml,IqeXhGjqqVnG,Terrye,Verrills,25,tverrillsml@creativecommons.org,291-361-4985
paldhousemm,iAkINLcTnnI,Peterus,Aldhouse,54,paldhousemm@cisco.com,694-185-3430
rdeaconsonmn,32LPCL,Rowena,Deaconson,10,rdeaconsonmn@4shared.com,410-800-4536
bfarfalameevmo,ecVctYgGqc,Bogey,Farfalameev,49,bfarfalameevmo@loc.gov,866-798-9525
jwortonmp,eQgkXJ2AV8,Johnny,Worton,36,jwortonmp@ihg.com,713-117-6089
ghaysmanmq,IaLHZIlSpG,Gerianne,Haysman,59,ghaysmanmq@angelfire.com,607-296-5336
nmartelmr,974DGZ,Nanete,Martel,16,nmartelmr@hexun.com,511-381-7680
cgertzms,1YbZYo,Crin,Gertz,63,cgertzms@bigcartel.com,282-705-8622
bgraveneymt,vlgd27no2WQ,Bren,Graveney,39,bgraveneymt@reddit.com,688-666-5730
tarnkemu,8Wy2nAploT0X,Turner,Arnke,50,tarnkemu@miitbeian.gov.cn,835-881-2744
goleymv,w5ZZ0hws9f,Graehme,Oley,67,goleymv@youtube.com,166-980-1901
lwondraschekmw,zsRWhdsPZ7aq,Lotta,Wondraschek,52,lwondraschekmw@intel.com,785-204-2470
chabgoodmx,UcI1PU,Clemmie,Habgood,14,chabgoodmx@wikimedia.org,539-306-5719
jhimpsonmy,KMctimaoOuD4,Juline,Himpson,5,jhimpsonmy@yelp.com,743-311-9977
rmettsmz,uIIYu6m,Roshelle,Metts,15,rmettsmz@adobe.com,386-301-7739
bbirchnern0,EJl6OqDQ0,Barnebas,Birchner,53,bbirchnern0@imageshack.us,512-216-6481
awasonn1,4uA6QO3f,Alleyn,Wason,31,awasonn1@prlog.org,632-625-4685
jmuccinon2,2Pv5Rmvl,Jayne,Muccino,12,jmuccinon2@tiny.cc,439-983-0243
scoplestonen3,ly5EOobxAEd,Shelton,Coplestone,48,scoplestonen3@ftc.gov,645-127-3691
sbartelotn4,vGrqbnGXBzl,Sanford,Bartelot,63,sbartelotn4@clickbank.net,752-190-8438
mgodbaldn5,GOOyFle1tI,Millisent,Godbald,43,mgodbaldn5@angelfire.com,270-593-2501
spidgleyn6,DgGmwJFz8,Shandy,Pidgley,45,spidgleyn6@ning.com,441-711-5001
dorgenn7,v7apAkk7nyq,Deloris,Orgen,15,dorgenn7@360.cn,873-479-3138
ggearyn8,Lx629ntQtkDV,Goraud,Geary,18,ggearyn8@cnbc.com,731-952-5162
rgobyn9,zxTxH3KUzfJM,Rasia,Goby,38,rgobyn9@mtv.com,548-407-5973
mchaplinna,tZ6cR5,Morgan,Chaplin,69,mchaplinna@bbb.org,736-866-8875
zmattysnb,E6AvgHd65,Zuzana,Mattys,19,zmattysnb@mapy.cz,286-543-5537
mlocktonnc,ECYXv4rw2gyG,Mirella,Lockton,42,mlocktonnc@google.com,550-787-6252
egogiend,wiIb5mMHup0,Ellwood,Gogie,45,egogiend@mtv.com,488-869-9489
meagellne,PL5KCFooQGu,Marrilee,Eagell,4,meagellne@redcross.org,748-111-7714
jbellissnf,UMCfmxyozcHj,Johnnie,Belliss,45,jbellissnf@elpais.com,188-332-5554
wheleng,IhWFnDSNDNhm,Wilow,Hele,48,wheleng@oaic.gov.au,822-532-3988
arussinh,MssA2qTit,Avram,Russi,30,arussinh@mayoclinic.com,981-256-5403
dhucknallni,P9DBF87l,Dare,Hucknall,21,dhucknallni@arstechnica.com,724-593-5222
flagenj,OddVyLEUI,Francesco,Lage,42,flagenj@reverbnation.com,163-551-6509
mrumgaynk,vAN9No,Marne,Rumgay,12,mrumgaynk@wordpress.org,779-406-0076
nproskenl,HalRwi4,Niccolo,Proske,19,nproskenl@simplemachines.org,658-626-0927
sbingnm,GHYQQiSq,Stacey,Bing,68,sbingnm@ustream.tv,795-719-6955
ivansonnn,aJdyrvvtAzM0,Idalina,Van Son,34,ivansonnn@xinhuanet.com,634-536-5080
gjollandsno,57lxiYl,Godard,Jollands,58,gjollandsno@51.la,338-990-9900
sclubleynp,5QaNMD,Sherry,Clubley,19,sclubleynp@census.gov,917-565-0907
wsmorfitnq,12TmHX6AG,Wilbert,Smorfit,18,wsmorfitnq@51.la,792-489-5387
cwoodbridgenr,ou4K43P,Carlota,Woodbridge,2,cwoodbridgenr@google.com.au,410-480-5903
apollockns,dH9Dsd,Amerigo,Pollock,48,apollockns@usgs.gov,886-907-1132
jtanswillnt,PiJ0ZcD,Joline,Tanswill,25,jtanswillnt@blogtalkradio.com,556-957-4864
koganiannu,eLCgE74wn2EH,Katee,Oganian,66,koganiannu@homestead.com,867-646-2491
ddennicknv,Ilmj6bwuY44,Dell,Dennick,11,ddennicknv@fotki.com,918-975-7528
spineauxnw,t2zec3GpI4,Stephi,Pineaux,59,spineauxnw@google.com.au,187-490-7619
mmcfarlandnx,f5sSgDXdb6xO,Marnie,McFarland,47,mmcfarlandnx@cisco.com,587-119-3042
mspurgeonny,gCAydZnYy,Muriel,Spurgeon,32,mspurgeonny@ycombinator.com,801-272-8506
tnewricknz,P53iV32oga,Timmie,Newrick,5,tnewricknz@opensource.org,659-247-5420
dskeletono0,Z6J9hvwV8q,Drud,Skeleton,62,dskeletono0@weibo.com,469-133-6428
mantonaccio1,SttJrBmfjuSW,Marie-ann,Antonacci,21,mantonaccio1@state.tx.us,973-400-6141
nmacnucatoro2,mlU3DaG,Nichole,MacNucator,25,nmacnucatoro2@wix.com,405-563-2836
rabramovicio3,4nZUDu,Roselin,Abramovici,4,rabramovicio3@4shared.com,892-763-0178
rbaynhamo4,R3Y2d5njP1RY,Raimundo,Baynham,41,rbaynhamo4@latimes.com,351-694-9611
pbootyo5,2UUfiOUfYU,Pail,Booty,21,pbootyo5@scientificamerican.com,588-719-3466
cfiellero6,OvuNvSI,Crosby,Fieller,38,cfiellero6@gizmodo.com,970-134-1744
mleggeo7,TBLGxl180,Miles,Legge,19,mleggeo7@angelfire.com,875-579-5140
yeversono8,4IeZMu,Yancey,Everson,20,yeversono8@networksolutions.com,645-187-2370
etoftso9,zdRojS5Sq,Esther,Tofts,35,etoftso9@cocolog-nifty.com,614-939-1638
csaywelloa,Nb7Vn8M,Caressa,Saywell,19,csaywelloa@whitehouse.gov,852-348-6238
ceverestob,l6XEVunbLc5,Corbett,Everest,27,ceverestob@weebly.com,773-384-2728
ajerrimoc,yyiNpOZ,Averyl,Jerrim,10,ajerrimoc@msn.com,440-342-4865
wfeaviourod,sgWRz008H3y,Willdon,Feaviour,36,wfeaviourod@wunderground.com,405-796-9600
ntreskeoe,Toufo9,Northrup,Treske,27,ntreskeoe@newsvine.com,434-171-1622
kdoddof,kmgjCAWqkkCU,Kristyn,Dodd,40,kdoddof@is.gd,415-412-8115
vhodgetsog,6za0kNAn,Valerie,Hodgets,37,vhodgetsog@123-reg.co.uk,824-286-2755
bgreggoh,1Qy7R18FzQr,Bastian,Gregg,46,bgreggoh@irs.gov,168-724-3331
rjorisoi,spqn3EN,Ramsay,Joris,17,rjorisoi@51.la,800-376-5116
mandrinioj,OMc49qSKz2,Morgen,Andrini,9,mandrinioj@mashable.com,352-801-1846
bpaskinok,UiRvzF,Beulah,Paskin,53,bpaskinok@scientificamerican.com,408-407-6981
mkleinerol,JzTvZZQ,Marina,Kleiner,52,mkleinerol@qq.com,137-302-5600
sericksonom,sMhkcsV9HK,Sharon,Erickson,42,sericksonom@unesco.org,147-253-6300
wsteynoron,1WAxmGicE1,Willey,Steynor,67,wsteynoron@prlog.org,916-326-4285
azelakeoo,teMFQQb0,Audra,Zelake,55,azelakeoo@wordpress.org,416-988-8938
ekitmanop,gOqd8yjFnF,Elana,Kitman,33,ekitmanop@ning.com,458-628-6746
dheckoq,z6d1sff0E,Drucill,Heck,13,dheckoq@icq.com,722-752-1563
byarhamor,5drpbpcDAK,Britteny,Yarham,58,byarhamor@digg.com,737-474-6378
jpinsentos,SqaqXB,Jaimie,Pinsent,10,jpinsentos@networkadvertising.org,643-363-5383
rcreeot,Yt3iuOZp,Reese,Cree,47,rcreeot@google.it,858-113-0255
rlarkou,R7VGXwlN,Regina,Lark,38,rlarkou@dropbox.com,713-394-7890
itarpeyov,JdQyY0,Ingram,Tarpey,28,itarpeyov@microsoft.com,701-631-9938
smarchentow,MqUNjRMjt2,Sullivan,Marchent,70,smarchentow@mysql.com,617-447-4265
cklambtox,KKSzR4AThqsY,Clevie,Klambt,61,cklambtox@msn.com,811-524-2065
zsmalingoy,BhF7seFneRs,Zondra,Smaling,24,zsmalingoy@europa.eu,963-643-3169
vhancornoz,O9cL3fgK0,Valentino,Hancorn,47,vhancornoz@ca.gov,641-199-0123
amahmoodp0,7KKpXhR5,Artemus,Mahmood,12,amahmoodp0@google.pl,690-892-8670
xflacknoep1,XXngcmjbTkk,Xenia,Flacknoe,14,xflacknoep1@walmart.com,630-876-0190
khastp2,lWTwHdGq,Karl,Hast,32,khastp2@elegantthemes.com,944-829-3399
lodgerp3,gsgRjg0vZr,Leann,Odger,45,lodgerp3@umich.edu,999-890-4212
tjedrzejewskip4,W9XuhxX2f,Titos,Jedrzejewski,6,tjedrzejewskip4@msu.edu,106-563-3943
fmashp5,0ba6cPCI8CS,Frederich,Mash,57,fmashp5@google.ru,176-362-1435
atrottp6,on4lN4Gbc,Aeriel,Trott,24,atrottp6@xing.com,979-330-5776
bclearyp7,MTVTCl0fLgYG,Britt,Cleary,33,bclearyp7@ning.com,653-284-4727
ddewickp8,RdLycQdVe,Damon,Dewick,22,ddewickp8@squarespace.com,686-597-1482
sgeikiep9,4HTRdFr,Sutherlan,Geikie,26,sgeikiep9@shareasale.com,558-659-3487
tcraighillpa,lJbjBU99cpt,Torin,Craighill,5,tcraighillpa@tiny.cc,561-212-9633
igrovespb,Z0yfTW9AGLAW,Isidoro,Groves,51,igrovespb@spotify.com,955-105-1007
twilseypc,UwVu6n,Thia,Wilsey,36,twilseypc@domainmarket.com,855-385-1016
landriollipd,RAsPEer7,Lea,Andriolli,24,landriollipd@google.cn,836-823-3621
hgaskenpe,G2EXWdz955Mt,Hi,Gasken,65,hgaskenpe@friendfeed.com,199-489-3844
brothpf,hkvKcZurI,Brynna,Roth,31,brothpf@utexas.edu,660-593-7223
kdomenichellipg,rCushurtQ,Kile,Domenichelli,39,kdomenichellipg@wikimedia.org,732-575-4777
atrevorph,CgZ3Vdd9xT1,Ailee,Trevor,54,atrevorph@fc2.com,418-606-5179
eswordpi,ACL5FEt,Esdras,Sword,51,eswordpi@globo.com,860-778-9906
qwerrilowpj,87iurFsYNJ,Quintina,Werrilow,65,qwerrilowpj@google.com.au,858-148-5548
ldahmelpk,FsT6x82z,Laird,Dahmel,9,ldahmelpk@bandcamp.com,594-815-8119
adommerquepl,raIqS2,Arvy,Dommerque,42,adommerquepl@cpanel.net,713-691-0055
bhatterslaypm,SDz2lELg,Bren,Hatterslay,32,bhatterslaypm@t-online.de,704-799-1849
lscurrerpn,XXyNIZux,Lauree,Scurrer,4,lscurrerpn@altervista.org,410-780-9282
cgonpo,lvyLVdb,Cordy,Gon,46,cgonpo@webeden.co.uk,211-309-9470
lstanlakepp,mH7PeMQgz,Lyle,Stanlake,50,lstanlakepp@ehow.com,258-827-8595
lamesburypq,uYucFM,Levi,Amesbury,5,lamesburypq@is.gd,158-419-3923
nheitzpr,Tqla1H3,Natty,Heitz,2,nheitzpr@ifeng.com,598-140-8629
rblaberps,QD9LTFndPX,Richart,Blaber,64,rblaberps@guardian.co.uk,506-584-7568
fvowlespt,9yDmzFT8Rf,Faulkner,Vowles,40,fvowlespt@biblegateway.com,275-940-8552
rquarmbypu,FMMfL4c0Y,Robbert,Quarmby,36,rquarmbypu@skype.com,422-420-7957
lberisfordpv,H7eKkNA7SBU,Lilith,Berisford,18,lberisfordpv@ucsd.edu,457-287-7242
opethickpw,zZYPcPs,Orsola,Pethick,11,opethickpw@digg.com,886-582-2234
sbakeuppx,jQ7LZXXgj,Stanley,Bakeup,19,sbakeuppx@webs.com,643-748-1318
cotterpy,zPAtdsgF9IA,Cloe,Otter,3,cotterpy@phpbb.com,157-863-9829
jstainspz,Ynkomn,Janka,Stains,40,jstainspz@cloudflare.com,399-439-2377
jforestallq0,zcC9G7,Joellyn,Forestall,22,jforestallq0@is.gd,858-247-2513
sleytonq1,QL89QjN,Sibylle,Leyton,63,sleytonq1@live.com,253-750-2483
gbougourdq2,X9cTM0rmAgUO,Gracie,Bougourd,65,gbougourdq2@reverbnation.com,678-401-7251
dstefanovicq3,6hRLmApB,Deny,Stefanovic,32,dstefanovicq3@google.ru,605-700-5371
ghuneq4,TM7mYf5,Gretchen,Hune,52,ghuneq4@europa.eu,352-207-1933
jgrisleyq5,DdkkmYcFw,Jesse,Grisley,30,jgrisleyq5@nps.gov,321-318-1669
acottieq6,DT7Orv5,Alvina,Cottie,54,acottieq6@weibo.com,612-719-8840
athiesq7,1F7rZPvh3Ssm,Alix,Thies,50,athiesq7@facebook.com,443-214-9695
ddeveyq8,7WydtdRae,Doria,Devey,21,ddeveyq8@moonfruit.com,312-564-1592
kjoinerq9,ZMQCcgFpv,Krissy,Joiner,10,kjoinerq9@comsenz.com,774-326-1821
lshermanqa,yau09LcFm,Lonna,Sherman,32,lshermanqa@sciencedirect.com,726-844-4003
lstuttqb,d08CHDFTG,Loreen,Stutt,42,lstuttqb@discuz.net,638-461-6975
bmandersqc,JmqB1NLZ,Brod,Manders,43,bmandersqc@homestead.com,523-172-4646
zphillpqd,HlKvHs,Zelda,Phillp,53,zphillpqd@w3.org,192-310-7327
sbernatqe,US8K221TNl,Sheffy,Bernat,14,sbernatqe@opera.com,974-581-9126
gdumphyqf,AAmCL3J8iw,Greg,Dumphy,33,gdumphyqf@walmart.com,924-289-4382
jboyceqg,TwmqEyQZ7ave,Jason,Boyce,5,jboyceqg@odnoklassniki.ru,510-895-4376
mcroomeqh,JIxjLhUT,Mickie,Croome,7,mcroomeqh@aboutads.info,833-489-6270
ahuttqi,YVRXiDUp8YFK,Aurore,Hutt,41,ahuttqi@icio.us,687-776-1870
mmebesqj,esGixZTQZEbG,Max,Mebes,6,mmebesqj@mlb.com,358-173-2489
sadairqk,Iom7mfu,Stern,Adair,33,sadairqk@i2i.jp,131-795-1515
afellowsql,7EGcSPSoRsn,Arlen,Fellows,58,afellowsql@gov.uk,618-128-0758
ewaulkerqm,dv8w2g,Etty,Waulker,9,ewaulkerqm@msn.com,801-761-1710
lgilloranqn,BMmPVo0DAUR,Lira,Gilloran,69,lgilloranqn@hibu.com,107-169-3287
nbreacheqo,RXvwGdVVPetk,Natal,Breache,69,nbreacheqo@youtube.com,295-986-5344
cgoingqp,LUxZcyx,Cesaro,Going,33,cgoingqp@dot.gov,278-389-2664
rnussiiqq,xrDSh7cQLy,Rudie,Nussii,38,rnussiiqq@mayoclinic.com,950-153-5885
tpoveyqr,7q8BGaoF,Tiffany,Povey,64,tpoveyqr@barnesandnoble.com,827-489-4027
ejehaesqs,GIBo6xhyAJ4,Ermentrude,Jehaes,56,ejehaesqs@homestead.com,715-351-4612
ecampaqt,9j4HzIS,Ediva,Campa,3,ecampaqt@photobucket.com,387-258-1050
telstowqu,zooA9mYpeLE,Tobey,Elstow,38,telstowqu@mediafire.com,936-506-9270
dmacciqv,yOC8nS,Daniele,Macci,65,dmacciqv@shop-pro.jp,179-337-0792
hlillicropqw,HtOcVb,Homer,Lillicrop,38,hlillicropqw@prweb.com,943-516-4969
edickerqx,y01ekme,Elbertina,Dicker,49,edickerqx@meetup.com,466-555-1860
ibloomerqy,FIR7Z6Y7pqw,Iris,Bloomer,43,ibloomerqy@4shared.com,707-979-2582
eoborneqz,BCSOqN0,Eamon,O' Borne,15,eoborneqz@upenn.edu,244-296-6251
kflawsr0,D82ZzaqwsrEG,Kevon,Flaws,32,kflawsr0@shareasale.com,800-703-5967
ksutterfieldr1,TC95FW,Kenyon,Sutterfield,12,ksutterfieldr1@sbwire.com,253-979-4891
cconklingr2,9GTT9ZPSCm,Corney,Conkling,17,cconklingr2@liveinternet.ru,516-909-5964
aberisfordr3,XYj4esGJm42P,Agosto,Berisford,49,aberisfordr3@columbia.edu,480-763-6824
bchiltonr4,Bfk4VaQbyG9a,Bartholomew,Chilton,37,bchiltonr4@epa.gov,510-819-7585
lloyleyr5,3MrI8Su,Latrena,Loyley,55,lloyleyr5@java.com,491-771-7444
eferbyr6,nTZv7ewNZ,Edward,Ferby,6,eferbyr6@slashdot.org,908-975-7339
bclearsr7,RV84Yc20LHt,Bobinette,Clears,64,bclearsr7@ox.ac.uk,304-938-9718
fstreetingr8,LjWe6m,Filia,Streeting,25,fstreetingr8@blogtalkradio.com,122-547-1993
karnaudinr9,nGQHmnHV98By,Katerina,Arnaudin,1,karnaudinr9@51.la,527-809-7623
ccastaniera,5qmo8ON,Cassy,Castanie,37,ccastaniera@cisco.com,945-653-4048
msellimanrb,AEl6HvY,Maisie,Selliman,1,msellimanrb@yellowbook.com,948-564-9449
fhaddestonrc,lPz0WG,Federica,Haddeston,22,fhaddestonrc@timesonline.co.uk,879-913-1416
zlethbridgerd,PrY9FWt,Zitella,Lethbridge,11,zlethbridgerd@shareasale.com,464-629-5628
vgoodere,dA31mn9ebmK2,Valerye,Goode,39,vgoodere@deviantart.com,541-369-0400
wallpressrf,oqbNyTZbaC,Wyatt,Allpress,2,wallpressrf@indiegogo.com,999-263-1919
glambdenrg,sLVNZPnMg,Gussi,Lambden,17,glambdenrg@quantcast.com,226-608-9536
amarfieldrh,pCQ0IyiiDK,Arlee,Marfield,31,amarfieldrh@huffingtonpost.com,178-519-6387
tarmstrongri,AszXlou1,Tatum,Armstrong,7,tarmstrongri@blogs.com,634-741-8794
tpasfieldrj,Wv1I8Un,Teri,Pasfield,21,tpasfieldrj@de.vu,114-445-2409
rmasselrk,AZ3Bwhg4Tzl,Rutger,Massel,39,rmasselrk@apple.com,350-968-2581
emordonrl,7ib1pB4,Ermentrude,Mordon,36,emordonrl@wired.com,835-581-2376
rcalbertrm,Xw2Hv2qK7C,Regan,Calbert,68,rcalbertrm@rakuten.co.jp,391-136-4811
kbriddockrn,OqXP3O,Kennie,Briddock,58,kbriddockrn@thetimes.co.uk,253-693-4122
ctoulchro,mA8b7yQcYkQ,Camila,Toulch,30,ctoulchro@list-manage.com,511-811-9066
cspriginrp,Ij9L5Dr5R9Ut,Conroy,Sprigin,30,cspriginrp@qq.com,168-352-6574
rlipscombrq,6OuYI5xW,Ruthi,Lipscomb,19,rlipscombrq@un.org,546-358-5924
jpinchenrr,X3cxIh1,Johnnie,Pinchen,58,jpinchenrr@wp.com,482-608-7521
